(A)Rk,(B)Player,(B1)FANPTS,(C)Age,(D)Pos,(E)Tm,(G)G,(H)A,(J)+/-,(K)PIM,(N)PPG,(O)SHG,(P)GWG,(R)PPA,(S)SHA,(T)SOG,(X)BLK,(Y)HITS
1,Connor McDavid,600.0,20,C,EDM,30,70,27,26,3,1,6,24,1,251,29,34
2,Sidney Crosby,601.5,29,C,PIT,44,45,17,24,14,0,5,11,0,255,27,80
3,Patrick Kane,562.0,28,RW,CHI,34,55,11,32,7,0,5,16,0,292,15,28
4,Nicklas Backstrom,508.75,29,C,WSH,23,63,17,38,8,0,5,27,0,162,33,45
5,Nikita Kucherov,571.0,23,RW,TBL,40,45,13,38,17,0,7,15,0,246,20,30
6,Brad Marchand,585.0,28,LW,BOS,39,46,18,81,9,3,8,15,2,226,35,51
7,Mark Scheifele,496.75,23,C,WPG,32,50,18,38,7,0,5,8,2,160,34,49
8,Leon Draisaitl,480.25,21,C,EDM,29,48,7,20,10,0,5,17,0,172,36,41
9,Brent Burns,679.75,31,D,SJS,29,47,19,40,8,0,6,17,1,320,142,69
10,Vladimir Tarasenko,538.5,25,RW,STL,39,36,-1,12,9,0,8,13,0,286,31,50
11,Artemi Panarin,468.5,25,LW,CHI,31,43,18,21,9,0,5,8,0,211,14,23
12,Blake Wheeler,533.75,30,RW,WPG,26,48,6,47,5,2,4,16,1,259,51,100
13,Ryan Getzlaf,484.5,31,C,ANA,15,58,7,49,6,2,3,14,1,138,88,99
14,Evgeni Malkin,495.75,30,C,PIT,33,39,18,77,11,0,6,12,0,191,25,40
15,Tyler Seguin,498.0,25,C,DAL,26,46,-15,22,11,0,4,18,0,301,26,60
16,Victor Hedman,548.0,26,D,TBL,16,56,3,47,4,0,5,29,0,166,132,93
17,Erik Karlsson,632.75,26,D,OTT,17,54,10,28,4,0,5,23,2,218,201,67
18,David Pastrnak,524.5,20,RW,BOS,34,36,11,34,10,0,6,14,0,262,32,72
19,Phil Kessel,442.5,29,RW,PIT,23,47,3,20,8,0,4,22,0,229,15,12
20,Auston Matthews,543.25,19,C,TOR,40,29,2,14,8,0,8,13,0,279,61,21
21,Alex Ovechkin,588.0,31,LW,WSH,33,36,6,50,17,0,7,9,0,313,29,216
22,Jamie Benn,483.25,27,LW,DAL,26,43,-9,66,12,1,4,14,0,201,47,89
23,Mikael Granlund,474.5,24,C,MIN,26,43,23,12,7,3,4,13,1,177,50,50
24,Joe Pavelski,547.5,32,C,SJS,29,39,11,34,7,1,7,15,0,233,73,130
25,Henrik Zetterberg,415.5,36,LW,DET,17,51,15,22,2,0,0,11,0,195,30,58
26,Max Pacioretty,516.75,28,LW,MTL,35,32,15,38,8,1,7,5,1,268,35,63
27,Jeff Carter,508.75,32,C,LAK,32,34,2,41,10,1,9,12,0,250,37,86
28,John Tavares,460.5,26,C,NYI,28,38,4,38,7,1,3,11,1,260,20,42
29,Eric Staal,469.0,32,C,MIN,28,37,17,34,4,1,8,12,1,211,39,42
30,Patrik Laine,465.5,18,RW,WPG,36,28,7,26,9,0,5,5,0,204,33,80
31,Nikolaj Ehlers,418.25,20,LW,WPG,25,39,1,38,5,0,4,7,0,204,28,43
32,Jeff Skinner,473.75,24,LW,CAR,37,26,-3,28,7,0,4,8,0,281,28,33
33,Cam Atkinson,488.75,27,RW,CBJ,35,27,13,22,10,3,9,11,0,240,34,33
34,James van Riemsdyk,449.75,27,LW,TOR,29,33,-2,37,6,0,5,13,0,238,29,62
35,Nazem Kadri,484.75,26,C,TOR,32,29,-7,95,12,0,6,5,0,236,31,124
36,Viktor Arvidsson,472.75,23,LW,NSH,31,30,16,28,4,5,6,5,2,246,45,23
37,Mike Hoffman,463.0,27,LW,OTT,26,35,17,51,13,0,8,13,0,224,21,41
38,William Nylander,395.75,20,C,TOR,22,39,-3,32,9,0,2,17,0,205,16,25
39,Jakub Voracek,403.0,27,RW,PHI,20,41,-24,56,5,0,3,18,0,253,22,30
40,Mitch Marner,402.75,19,C,TOR,19,42,0,38,4,0,5,17,0,176,39,41
41,Johnny Gaudreau,346.25,23,LW,CGY,18,43,-7,4,4,0,3,12,0,182,14,9
42,Ryan Johansen,385.25,24,C,NSH,14,47,1,60,4,1,3,19,0,154,28,77
43,Evgeny Kuznetsov,386.75,24,C,WSH,19,40,18,46,3,0,4,11,0,170,18,57
44,Mats Zuccarello,421.25,29,RW,NYR,15,44,15,26,5,0,3,9,0,189,52,85
45,Alexander Wennberg,377.25,22,C,CBJ,13,46,9,21,2,0,5,21,0,109,56,58
46,Filip Forsberg,440.25,22,LW,NSH,31,27,-4,32,3,3,9,6,0,234,26,97
47,Sean Monahan,399.0,22,C,CGY,27,31,-1,20,8,1,4,9,0,199,25,34
48,Marcus Johansson,378.0,26,LW,WSH,24,34,25,10,5,0,5,14,0,129,22,32
49,Ryan Kesler,483.25,32,C,ANA,22,36,8,83,8,0,2,12,0,186,75,146
50,Jonathan Toews,407.0,28,C,CHI,21,37,7,35,6,0,5,11,0,199,32,43
51,Mikko Koivu,419.0,33,C,MIN,18,40,27,34,2,0,4,18,2,139,65,32
52,Claude Giroux,383.5,29,C,PHI,14,44,-15,38,5,0,3,26,1,199,28,68
53,Nino Niederreiter,422.25,24,RW,MIN,25,32,17,53,8,0,3,6,0,186,20,120
54,Jack Eichel,419.5,20,C,BUF,24,33,-13,22,10,0,4,14,0,249,35,26
55,T.J. Oshie,446.25,30,RW,WSH,33,23,28,36,7,1,4,6,2,143,50,95
56,J.T. Miller,406.0,23,LW,NYR,22,34,17,21,2,3,6,5,1,132,56,101
57,Charlie Coyle,416.75,24,C,MIN,18,38,13,36,4,0,5,5,0,159,63,101
58,Josh Bailey,367.75,27,RW,NYI,13,43,5,12,3,0,1,9,0,173,53,37
59,Kevin Shattenkirk,435.25,28,D,TOT,13,43,-7,47,8,0,2,19,0,161,95,88
60,Kyle Turris,421.5,27,C,OTT,27,28,-3,47,6,0,6,11,0,185,61,21
61,Brayden Schenn,448.75,25,C,PHI,25,30,-13,38,17,0,7,11,0,178,42,189
62,Ryan O'Reilly,390.75,25,C,BUF,20,35,-1,10,8,1,3,16,1,189,45,21
63,Radim Vrbata,377.5,35,RW,ARI,20,35,-18,16,4,0,4,11,0,233,31,48
64,Jaden Schwartz,391.75,24,LW,STL,19,36,14,18,3,0,4,6,0,179,43,71
65,Tyler Bozak,344.25,30,C,TOR,18,37,-1,30,7,0,1,11,0,145,26,45
66,Derek Stepan,405.0,26,C,NYR,17,38,19,16,4,1,2,14,0,209,45,26
67,Wayne Simmonds,500.0,28,RW,PHI,31,23,-18,122,16,2,4,9,0,224,60,162
68,David Krejci,370.5,30,C,BOS,23,31,-12,26,8,0,3,6,0,158,51,40
69,Vincent Trocheck,431.25,23,C,FLA,23,31,-13,43,2,0,2,10,1,230,51,164
70,Mark Stone,385.0,24,RW,OTT,22,32,12,25,6,0,5,8,0,134,53,43
71,Alexander Radulov,383.0,30,RW,MTL,18,36,10,62,6,0,2,10,0,147,41,76
72,Chris Kreider,418.5,25,LW,NYR,28,25,6,58,6,0,4,7,0,186,30,132
73,Kyle Palmieri,421.5,25,RW,NJD,26,27,2,46,8,1,3,11,0,192,36,124
74,Brandon Saad,381.0,24,LW,CBJ,24,29,23,8,1,0,4,2,0,210,26,24
75,Conor Sheary,360.75,24,LW,PIT,23,30,24,22,2,0,6,3,0,154,23,29
76,Mikael Backlund,412.75,27,C,CGY,22,31,9,36,7,0,7,9,3,197,41,55
77,Patrice Bergeron,471.0,31,C,BOS,21,32,12,24,8,0,7,9,3,302,47,54
78,Jonathan Drouin,359.0,21,LW,TBL,21,32,-13,16,9,0,6,17,0,183,16,50
79,Taylor Hall,392.75,25,LW,NJD,20,33,-9,32,7,0,4,8,0,238,31,59
80,Corey Perry,411.75,31,RW,ANA,19,34,2,76,5,0,3,15,0,215,35,81
81,Nathan MacKinnon,376.5,21,C,COL,16,37,-14,16,2,2,4,12,0,251,30,56
82,Duncan Keith,422.5,33,D,CHI,6,47,22,16,2,0,2,13,0,183,107,24
83,Anders Lee,454.5,26,LW,NYI,34,18,9,56,9,0,6,5,0,191,34,172
84,Logan Couture,418.75,27,C,SJS,25,27,11,12,11,0,3,4,1,174,65,57
85,Aleksander Barkov,351.25,21,C,FLA,21,31,13,10,3,0,5,11,0,142,30,39
86,Bo Horvat,349.0,21,C,VAN,20,32,-7,27,3,2,1,7,0,158,41,65
87,Ondrej Palat,416.0,25,LW,TBL,17,35,8,39,5,0,3,10,0,162,66,141
88,Dustin Byfuglien,529.5,31,D,WPG,13,39,10,117,1,0,1,13,2,241,124,183
89,Anze Kopitar,355.0,29,C,LAK,12,40,-10,28,5,0,0,14,1,150,59,78
90,Rickard Rakell,409.75,23,C,ANA,33,18,10,12,5,0,10,7,0,177,32,81
91,Patrick Eaves,425.75,32,RW,TOT,32,19,-2,24,13,0,2,5,0,209,43,89
92,Jon Marchessault,379.25,26,C,FLA,30,21,-21,38,8,0,6,10,0,193,17,105
93,Nick Foligno,438.5,29,LW,CBJ,26,25,-4,55,11,0,5,10,0,185,50,157
94,Jordan Eberle,365.5,26,RW,EDM,20,31,3,16,4,0,0,10,0,208,37,26
95,Alex Steen,355.0,32,LW,STL,16,35,-2,53,3,0,2,13,0,117,69,33
96,Justin Schultz,447.25,26,D,PIT,12,39,27,34,3,0,1,17,0,154,116,67
97,Torey Krug,402.0,25,D,BOS,8,43,-10,37,6,0,1,19,0,208,82,59
98,Milan Lucic,406.5,28,LW,EDM,23,27,-3,50,12,0,3,13,0,175,20,202
99,Sam Gagner,340.0,27,C,CBJ,18,32,10,22,8,0,1,10,0,178,16,22
100,Henrik Sedin,248.25,36,C,VAN,15,35,-27,28,1,0,4,14,0,99,11,15
101,Jason Spezza,308.0,33,C,DAL,15,35,-18,29,2,1,4,17,0,149,31,13
102,Dougie Hamilton,452.5,23,D,CGY,13,37,12,64,2,0,5,12,1,222,94,68
103,Joe Thornton,288.25,37,C,SJS,7,43,7,51,1,0,0,18,0,81,31,52
104,Sebastian Aho,366.75,19,RW,CAR,24,25,-1,26,6,1,4,11,1,214,14,51
105,Jakob Silfverberg,404.25,26,RW,ANA,23,26,10,20,5,1,5,4,0,227,46,47
106,Kevin Hayes,327.0,24,RW,NYR,17,32,10,18,1,1,4,6,6,143,30,40
107,John Klingberg,400.0,24,D,DAL,13,36,2,34,4,0,3,13,0,124,117,42
108,Roman Josi,451.0,26,D,NSH,12,37,7,18,7,0,1,11,1,217,119,54
109,Justin Williams,373.0,35,RW,WSH,24,24,14,50,5,0,4,5,0,167,41,28
110,Thomas Vanek,279.25,33,LW,TOT,17,31,-5,22,5,0,2,8,0,133,5,29
111,Alex Pietrangelo,472.0,27,D,STL,14,34,3,24,6,0,4,13,0,181,158,38
112,Matthew Tkachuk,339.5,19,LW,CGY,13,35,14,105,3,0,2,10,0,142,22,65
113,Gustav Nyquist,303.5,27,RW,DET,12,36,0,18,2,0,2,7,0,165,20,54
114,Jason Zucker,380.75,25,LW,MIN,22,25,34,30,1,0,3,0,0,172,42,73
115,Bryan Little,295.75,29,C,WPG,21,26,-7,18,6,0,3,6,0,119,23,35
116,Sam Reinhart,332.25,21,C,BUF,17,30,-11,8,9,0,3,8,0,178,40,21
117,Jason Pominville,319.0,34,RW,MIN,13,34,2,4,0,0,2,7,0,176,39,44
118,Zach Werenski,404.75,19,D,CBJ,11,36,17,14,4,0,1,17,0,188,90,41
119,Patrick Marleau,385.5,37,LW,SJS,27,19,4,28,7,0,6,9,0,190,32,82
120,Tomas Tatar,339.5,26,LW,DET,25,21,-8,26,5,0,5,3,0,166,24,92
121,David Perron,333.75,28,LW,STL,18,28,-2,54,3,1,3,10,0,151,28,87
122,Jaromir Jagr,310.75,44,RW,FLA,16,30,2,56,8,0,2,5,0,181,4,21
123,Nick Leddy,376.75,25,D,NYI,11,35,-3,12,3,0,1,12,0,137,109,77
124,Marian Hossa,354.5,38,RW,CHI,26,19,7,8,5,1,7,6,0,167,36,32
125,Artem Anisimov,305.5,28,C,CHI,22,23,9,30,4,0,7,4,0,105,27,18
126,Brock Nelson,340.5,25,LW,NYI,20,25,-6,36,1,0,4,5,1,173,48,50
127,Tyler Johnson,310.5,26,C,TBL,19,26,-5,28,6,0,3,11,0,130,30,46
128,Kyle Okposo,322.25,28,RW,BUF,19,26,-7,24,7,0,2,16,0,156,25,53
129,Victor Rask,318.25,23,C,CAR,16,29,-10,16,4,0,3,6,1,186,33,43
130,Jordan Staal,340.25,28,C,CAR,16,29,-1,38,4,1,3,4,0,164,29,139
131,Travis Zajac,294.0,31,C,NJD,14,31,-8,33,6,1,1,6,1,126,26,81
132,Mathieu Perreault,298.75,29,C,WPG,13,32,-11,30,3,0,3,12,0,134,26,97
133,Elias Lindholm,318.25,22,C,CAR,11,34,-2,16,2,1,0,9,4,151,43,99
134,Rasmus Ristolainen,485.75,22,D,BUF,6,39,-9,58,1,0,2,24,1,186,161,195
135,Tanner Pearson,366.25,24,LW,LAK,24,20,5,13,3,1,5,5,1,187,31,124
136,Richard Panik,386.75,25,RW,CHI,22,22,14,58,4,0,5,5,0,155,45,147
137,Patric Hornqvist,466.25,30,RW,PIT,21,23,16,28,10,0,6,7,0,223,62,227
138,Michael Frolik,373.0,28,RW,CGY,17,27,13,58,3,2,1,5,1,202,48,60
139,Alex Galchenyuk,293.0,22,C,MTL,17,27,-5,24,6,0,6,9,0,104,32,36
140,Daniel Sedin,311.0,36,LW,VAN,15,29,-16,32,6,0,3,8,0,216,18,20
141,Drew Doughty,433.75,27,D,LAK,12,32,8,46,5,0,1,14,1,181,109,129
142,Evander Kane,403.5,25,LW,BUF,28,15,-17,113,3,0,5,5,0,260,29,109
143,Paul Byron,330.0,27,LW,MTL,22,21,21,29,0,1,6,4,0,96,34,119
144,Ryan Nugent-Hopkins,333.0,23,C,EDM,18,25,-10,29,5,0,4,6,0,200,35,47
145,Jake Gardiner,362.25,26,D,TOR,9,34,24,34,2,0,2,11,0,127,83,69
146,Patrick Maroon,395.0,28,LW,EDM,27,15,13,95,3,0,5,3,0,178,23,189
147,Zach Parise,372.0,32,LW,MIN,19,23,-3,30,6,0,4,6,0,194,69,46
148,Mike Fisher,370.75,36,C,NSH,18,24,1,55,7,0,3,10,0,120,64,160
149,Shea Weber,516.0,31,D,MTL,17,25,20,38,12,0,4,10,2,183,157,140
150,Teuvo Teravainen,302.25,22,LW,CAR,15,27,-6,16,5,0,2,10,0,169,33,27
151,Valtteri Filppula,258.5,32,C,TOT,12,30,-1,26,0,0,1,7,0,97,39,26
152,Seth Jones,385.25,22,D,CBJ,12,30,6,24,1,0,3,6,0,152,118,61
153,Ryan McDonagh,442.75,27,D,NYR,6,36,20,37,1,1,1,14,0,153,160,80
154,James Neal,335.75,29,RW,NSH,23,18,-10,35,5,0,5,8,0,202,18,84
155,Matt Duchene,278.5,26,C,COL,18,23,-34,12,3,1,3,6,0,160,41,42
156,Frans Nielsen,314.5,32,C,DET,17,24,-19,18,4,2,0,11,0,162,54,64
157,Brandon Dubinsky,381.25,30,C,CBJ,12,29,16,91,1,1,5,3,0,115,60,248
158,Keith Yandle,329.25,30,D,FLA,5,36,-6,39,2,0,0,16,1,178,76,28
159,Michael Grabner,331.75,29,RW,NYR,27,13,22,10,0,1,3,0,2,162,34,41
160,Adam Henrique,331.75,26,C,NJD,20,20,-20,38,6,2,2,4,1,142,67,87
161,Brayden Point,286.25,20,C,TBL,18,22,4,14,5,0,2,7,0,122,31,39
162,Paul Stastny,300.75,31,C,STL,18,22,4,36,5,0,5,8,0,112,35,51
163,Lee Stempniak,283.75,33,RW,CAR,16,24,2,32,2,0,2,4,0,131,16,113
164,Phillip Danault,305.75,23,LW,MTL,13,27,5,35,0,0,3,2,1,133,52,76
165,P.K. Subban,361.0,27,D,NSH,10,30,-8,44,3,0,2,13,1,142,104,78
166,Ryan Suter,405.5,32,D,MIN,9,31,34,36,4,1,1,8,1,164,105,72
167,Martin Hanzal,350.0,29,C,TOT,20,19,-17,53,5,0,2,4,0,169,58,145
168,Derick Brassard,323.5,29,C,OTT,14,25,12,24,3,0,3,4,0,195,24,92
169,Oliver Ekman-Larsson,342.5,25,D,ARI,12,27,-25,48,8,0,1,11,0,145,85,112
170,Mark Giordano,484.25,33,D,CGY,12,27,22,59,3,2,4,11,1,151,184,78
171,Cam Fowler,412.75,25,D,ANA,11,28,7,20,5,1,3,10,1,186,134,29
172,Ryan Spooner,257.5,25,C,BOS,11,28,-8,14,3,0,3,15,1,145,17,24
173,Alec Martinez,421.25,29,D,LAK,9,30,-17,24,2,1,3,13,0,144,167,137
174,Shayne Gostisbehere,348.75,23,D,PHI,7,32,-21,32,2,0,1,21,0,198,94,43
175,Matt Niskanen,376.25,30,D,WSH,5,34,20,32,1,0,2,8,1,154,93,147
176,Brady Skjei,324.75,22,D,NYR,5,34,11,42,0,0,0,7,0,127,69,147
177,Brent Seabrook,390.75,31,D,CHI,3,36,5,26,2,0,0,12,0,131,147,111
178,Rick Nash,345.75,32,RW,NYR,23,15,9,26,6,1,3,3,0,195,35,63
179,Mikko Rantanen,259.25,20,RW,COL,20,18,-25,22,4,0,2,6,0,133,33,29
180,David Backes,371.0,32,RW,BOS,17,21,2,69,2,0,2,5,0,175,47,225
181,Ryan Ellis,416.25,26,D,NSH,16,22,17,29,4,1,3,7,2,140,137,64
182,Oscar Klefbom,429.25,23,D,EDM,12,26,7,6,3,0,3,13,1,201,146,43
183,Jared Spurgeon,406.75,27,D,MIN,10,28,33,20,1,0,2,4,1,144,140,49
184,Max Domi,226.0,21,LW,ARI,9,29,-9,40,1,0,1,7,0,108,21,28
185,Tyson Barrie,287.5,25,D,COL,7,31,-34,18,1,0,2,9,0,182,75,32
186,Nick Bonino,351.0,28,C,PIT,18,19,-5,16,6,1,1,5,0,142,99,60
187,Justin Faulk,381.75,24,D,CAR,17,20,-18,32,4,0,2,9,0,225,84,117
188,Reilly Smith,289.0,25,RW,FLA,15,22,-13,17,6,1,3,5,0,160,34,75
189,Kris Versteeg,272.75,30,RW,CGY,15,22,-3,46,8,0,1,8,0,136,28,5
190,Mika Zibanejad,263.25,23,C,NYR,14,23,9,16,4,0,2,7,0,119,27,23
191,Scott Hartnell,289.25,34,LW,CBJ,13,24,14,63,2,0,1,1,0,104,40,94
192,John Carlson,395.5,27,D,WSH,9,28,7,10,3,0,3,13,1,180,127,58
193,Connor Brown,298.5,23,RW,TOR,20,16,3,10,2,1,4,4,0,139,46,50
194,Alex Killorn,314.75,27,LW,TBL,19,17,-9,66,4,1,4,6,1,176,25,99
195,Anthony Mantha,286.25,22,RW,DET,17,19,10,53,1,0,3,2,0,133,33,46
196,Dustin Brown,316.5,32,RW,LAK,14,22,-4,22,4,1,1,2,0,175,31,190
197,Mike Green,314.25,31,D,DET,14,22,-20,40,3,0,2,7,0,125,92,67
198,T.J. Brodie,290.0,26,D,CGY,6,30,-16,24,1,1,2,11,1,78,115,30
199,Alex Goligoski,361.75,31,D,ARI,6,30,-9,28,1,1,0,7,1,112,143,137
200,Andrei Markov,289.25,38,D,MTL,6,30,18,16,1,0,1,11,1,98,73,39
201,Nikita Zaitsev,350.0,25,D,TOR,4,32,-22,38,1,0,0,11,1,106,136,176
202,Sven Baertschi,254.0,24,LW,VAN,18,17,-6,8,2,0,5,4,0,114,29,52
203,Andrew Cogliano,297.0,29,LW,ANA,16,19,11,26,0,3,2,0,1,178,27,76
204,Mark Letestu,290.5,31,C,EDM,16,19,-2,17,11,2,6,3,1,120,34,71
205,Brian Gionta,265.0,38,RW,BUF,15,20,-11,22,3,1,3,4,1,149,30,54
206,Andre Burakovsky,242.75,21,LW,WSH,12,23,13,14,2,0,1,3,0,111,25,31
207,Colin Wilson,245.5,27,LW,NSH,12,23,7,18,6,0,0,1,0,113,23,50
208,Andrej Sekera,398.25,30,D,EDM,8,27,14,18,1,1,1,10,0,128,166,55
209,Colton Parayko,377.5,23,D,STL,4,31,7,32,4,0,2,6,1,188,117,80
210,Patrik Berglund,328.25,28,C,STL,23,11,-7,32,4,0,5,4,0,153,42,155
211,Boone Jenner,415.5,23,C,CBJ,18,16,14,52,0,2,4,1,0,211,80,216
212,Brandon Sutter,285.5,27,C,VAN,17,17,-20,12,4,0,1,4,0,160,53,78
213,Tobias Rieder,260.5,24,RW,ARI,16,18,-8,6,2,1,1,4,1,155,38,24
214,Tyler Toffoli,261.0,24,C,LAK,16,18,6,22,4,0,2,3,1,165,4,54
215,Sean Couturier,262.0,24,C,PHI,14,20,12,33,0,0,2,2,1,120,35,41
216,Mathew Dumba,334.75,22,D,MIN,11,23,15,59,6,0,1,6,1,131,71,96
217,Nick Holden,328.25,29,D,NYR,11,23,13,35,3,0,2,1,1,84,88,164
218,Kris Letang,291.0,29,D,PIT,5,29,2,32,2,0,2,12,1,122,70,70
219,Jaccob Slavin,363.75,22,D,CAR,5,29,23,12,0,1,0,4,3,99,161,35
220,Jason Chimera,282.75,37,LW,NYI,20,13,1,40,0,1,2,0,0,121,30,149
221,Gabriel Landeskog,302.75,24,LW,COL,18,15,-25,62,5,1,2,1,0,169,41,143
222,Jake Guentzel,218.25,22,C,PIT,16,17,7,10,1,0,0,2,0,81,18,61
223,Christian Dvorak,268.5,20,LW,ARI,15,18,7,22,2,0,1,3,0,88,56,72
224,Devin Shore,271.0,22,C,DAL,13,20,-4,14,1,0,0,5,0,115,71,44
225,Radek Faksa,289.0,23,C,DAL,12,21,-6,67,0,0,0,2,0,132,62,101
226,Jean-Gabriel Pageau,350.75,24,C,OTT,12,21,13,24,0,0,2,0,2,169,79,161
227,Jacob Trouba,362.75,22,D,WPG,8,25,4,54,2,0,1,2,1,154,118,107
228,Dmitry Orlov,347.75,25,D,WSH,6,27,30,51,1,0,0,5,0,125,94,122
229,Markus Granlund,214.5,23,C,VAN,19,13,-19,14,3,0,3,4,0,122,11,32
230,Dylan Larkin,254.0,20,C,DET,17,15,-28,37,5,1,1,2,0,178,22,67
231,Zack Smith,298.75,28,C,OTT,16,16,6,61,1,4,1,0,0,137,38,140
232,Ryan Dzingel,245.75,24,LW,OTT,14,18,7,30,1,1,1,2,0,123,21,71
233,Leo Komarov,320.25,30,C,TOR,14,18,6,31,4,1,1,6,1,114,50,232
234,Matt Moulson,249.75,33,LW,BUF,14,18,-4,10,11,0,2,7,0,134,18,37
235,Andrew Ladd,306.25,31,LW,NYI,23,8,-14,45,3,1,4,2,0,142,54,112
236,Ryan Hartman,316.75,22,LW,CHI,19,12,13,70,1,0,4,0,0,170,30,121
237,Alexandre Burrows,270.5,35,LW/RW,TOT,15,16,3,62,1,0,2,0,1,143,34,68
238,Calle Jarnkrok,246.5,25,C,NSH,15,16,-1,25,2,1,1,2,2,134,29,49
239,Matt Cullen,225.0,40,C,PIT,13,18,4,30,2,2,2,2,0,93,27,36
240,Mike Cammalleri,222.25,34,LW,NJD,10,21,-9,21,1,0,3,9,0,142,14,44
241,Damon Severson,251.75,22,D,NJD,3,28,-31,58,0,0,1,13,0,125,72,79
242,Jay Beagle,259.25,31,RW,WSH,13,17,20,22,0,1,4,0,2,100,44,55
243,Ryan Strome,224.75,23,RW,NYI,13,17,-8,40,2,0,2,6,0,114,21,59
244,Dion Phaneuf,419.0,31,D,OTT,9,21,-6,100,4,1,2,12,0,156,156,132
245,Ivan Provorov,384.75,20,D,PHI,6,24,-7,34,0,0,1,5,0,161,166,111
246,Andreas Athanasiou,222.5,22,C,DET,18,11,-7,28,1,0,3,3,0,120,21,30
247,Josh Anderson,297.5,22,RW,CBJ,17,12,12,89,0,0,3,0,0,119,40,147
248,Adam Lowry,318.75,23,C,WPG,15,14,1,52,5,0,1,4,1,122,56,217
249,Andrew Shaw,290.75,25,C,MTL,12,17,4,110,1,0,1,6,0,127,38,147
250,Craig Smith,249.25,27,RW,NSH,12,17,7,30,2,0,1,1,0,155,16,93
251,Robby Fabbri,188.25,21,C,STL,11,18,-16,27,4,0,0,5,0,91,14,64
252,Derek Ryan,207.25,30,C,CAR,11,18,-8,22,4,1,3,4,0,73,37,33
253,Zdeno Chara,386.25,39,D,BOS,10,19,18,59,1,2,0,2,0,136,140,130
254,Brendan Gallagher,257.5,24,RW,MTL,10,19,7,39,1,0,2,2,0,187,15,69
255,Joel Ward,246.25,36,RW,SJS,10,19,-2,30,1,2,2,2,0,105,56,61
256,Chris Kunitz,274.0,37,LW,PIT,9,20,0,36,0,0,3,5,0,134,28,216
257,Noah Hanifin,238.75,20,D,CAR,4,25,-19,26,2,0,1,9,0,108,73,57
258,Artturi Lehkonen,256.0,21,LW,MTL,18,10,-1,8,2,1,3,2,0,158,25,72
259,Bryan Rust,231.75,24,RW,PIT,15,13,4,8,0,0,1,0,1,110,29,101
260,Nick Ritchie,300.75,21,LW,ANA,14,14,4,62,1,0,3,1,0,149,24,247
261,P.A. Parenteau,202.25,33,RW,TOT,13,15,-18,35,4,0,2,4,0,123,9,60
262,Jussi Jokinen,218.75,33,LW,FLA,11,17,-15,39,4,1,2,6,0,118,33,28
263,Travis Konecny,238.75,19,C,PHI,11,17,-2,49,3,0,0,1,0,133,26,92
264,Zach Hyman,271.75,24,C,TOR,10,18,2,30,0,4,3,0,0,156,43,109
265,Vladislav Namestnikov,223.25,24,C,TBL,10,18,-4,31,3,0,0,3,1,114,31,72
266,Tomas Plekanec,266.75,34,C,MTL,10,18,10,24,3,2,3,4,0,139,45,57
267,Jason Demers,276.75,28,D,FLA,9,19,-14,53,0,0,2,5,2,98,90,106
268,Jake Muzzin,363.0,27,D,LAK,9,19,-21,46,4,0,1,6,0,184,122,162
269,Antoine Vermette,225.25,34,C,ANA,9,19,-7,42,5,0,1,6,0,88,45,51
270,Jeff Petry,393.25,29,D,MTL,8,20,3,22,2,0,1,5,0,172,145,171
271,Nick Schmaltz,174.5,20,LW,CHI,6,22,10,6,0,0,0,2,0,66,27,20
272,Marc-Edouard Vlasic,341.75,29,D,SJS,6,22,4,35,1,0,2,6,1,144,144,18
273,Nathan Beaulieu,304.25,24,D,MTL,4,24,8,44,2,0,1,10,0,118,102,65
274,Jimmy Vesey,242.5,23,LW,NYR,16,11,-13,26,5,0,6,3,0,116,37,64
275,Jarome Iginla,249.0,39,RW,TOT,14,13,-30,70,7,0,4,4,0,153,21,116
276,Antoine Roussel,247.0,27,LW,DAL,12,15,1,115,0,0,3,3,0,82,45,69
277,Shane Doan,229.25,40,RW,ARI,6,21,-3,48,3,0,0,2,0,144,22,101
278,Morgan Rielly,303.25,22,D,TOR,6,21,-20,21,1,0,1,4,0,171,120,46
279,Mark Streit,264.5,39,D,TOT,6,21,-12,28,1,0,2,12,0,114,92,38
280,Erik Haula,244.75,25,C,MIN,15,11,5,28,1,0,4,0,0,134,38,39
281,Sam Bennett,254.0,20,C,CGY,13,13,-16,75,4,0,0,0,1,122,46,127
282,Mikkel Boedker,219.25,27,LW,SJS,10,16,0,10,0,1,2,1,0,122,34,71
283,Jonathan Huberdeau,167.75,23,LW,FLA,10,16,-2,13,3,0,2,4,0,86,7,18
284,Scott Wilson,240.25,24,LW,PIT,8,18,0,32,0,0,1,0,0,127,31,167
285,Ian Cole,414.5,27,D,PIT,5,21,26,72,0,0,1,1,0,89,194,164
286,Paul Martin,265.75,35,D,SJS,4,22,10,20,0,0,1,0,0,57,124,41
287,Micheal Ferland,240.75,24,LW,CGY,15,10,-1,50,2,0,1,2,0,106,26,149
288,Brian Boyle,268.75,32,C,TOT,13,12,3,66,3,0,2,3,0,131,41,115
289,Troy Brouwer,244.0,31,RW,CGY,13,12,-11,31,5,1,2,6,1,86,39,171
290,Bobby Ryan,229.75,29,RW,OTT,13,12,-3,24,2,0,0,3,0,111,36,109
291,Lars Eller,234.25,27,C,WSH,12,13,15,36,0,1,2,1,0,115,30,71
292,Daniel Winnik,215.5,31,LW,WSH,12,13,15,49,0,2,3,0,0,82,34,25
293,Jordan Martinook,243.0,24,LW,ARI,11,14,-8,40,1,1,2,1,2,109,68,50
294,Dominic Moore,221.25,36,C,BOS,11,14,2,44,0,3,1,0,1,96,42,63
295,Casey Cizikas,245.5,25,C,NYI,8,17,9,30,0,0,1,1,0,82,58,144
296,William Karlsson,189.25,24,C,CBJ,6,19,10,10,1,0,3,0,2,96,24,35
297,Calvin de Haan,396.75,25,D,NYI,5,20,15,36,1,0,1,1,0,116,190,139
298,Mike Ribeiro,123.75,36,C,NSH,4,21,-5,14,2,0,0,5,0,38,6,33
299,Jonas Brodin,240.5,23,D,MIN,3,22,5,20,2,0,2,5,0,85,89,20
300,Brett Ritchie,276.25,23,RW,DAL,16,8,11,38,1,0,2,1,0,167,23,153
301,Alex Chiasson,195.0,26,RW,CGY,12,12,-6,46,0,1,1,2,0,104,18,74
302,Trevor Lewis,252.5,30,C,LAK,12,12,-6,30,1,0,3,1,0,145,30,174
303,Loui Eriksson,196.25,31,LW,VAN,11,13,-9,8,5,0,1,2,1,132,26,11
304,Anthony Beauvillier,195.25,19,LW,NYI,9,15,1,10,0,0,2,1,0,101,26,81
305,Colton Sceviour,266.75,27,C,FLA,9,15,-16,25,1,3,1,2,1,172,64,108
306,Pavel Zacha,176.75,19,C,NJD,8,16,-17,19,5,0,2,8,0,83,24,54
307,Sven Andrighetto,162.0,23,RW,TOT,7,17,1,12,2,0,0,2,0,68,22,40
308,Zack Kassian,236.5,26,RW,EDM,7,17,4,101,0,0,0,0,0,110,16,201
309,Troy Stecher,218.5,22,D,VAN,3,21,-16,25,1,0,0,7,0,125,66,51
310,Sami Vatanen,309.75,25,D,ANA,3,21,3,30,2,0,0,12,0,117,128,75
311,Brett Connolly,211.75,24,RW,WSH,15,8,20,40,1,0,3,0,0,81,12,89
312,Marcus Foligno,288.5,25,LW,BUF,13,10,-1,73,0,1,0,0,0,97,57,279
313,Nikolai Kulemin,214.5,30,LW,NYI,12,11,3,18,1,1,4,1,1,74,45,78
314,Chris Tierney,201.5,22,C,SJS,11,12,0,6,1,1,2,0,1,90,44,50
315,Mikhail Grigorenko,158.75,22,C,COL,10,13,-14,18,0,0,0,4,0,85,26,27
316,Tom Pyatt,251.0,29,LW,OTT,9,14,9,16,0,0,1,0,2,95,89,46
317,Johnny Boychuk,357.75,33,D,NYI,6,17,11,19,1,1,2,3,1,155,133,160
318,Radko Gudas,363.75,26,D,PHI,6,17,8,93,0,0,0,1,0,113,124,280
319,David Savard,351.25,26,D,CBJ,6,17,33,44,0,0,0,0,2,135,126,127
320,Matt Stajan,184.5,33,C,CGY,6,17,3,40,0,0,3,0,2,59,39,60
321,Jack Johnson,331.0,30,D,CBJ,5,18,23,32,1,0,1,1,1,116,134,94
322,Mattias Ekholm,276.25,26,D,NSH,3,20,4,34,0,0,1,3,1,120,108,61
323,John Moore,227.75,26,D,NJD,12,10,-7,39,1,0,1,2,0,102,61,68
324,Melker Karlsson,216.75,26,C,SJS,11,11,7,22,0,2,1,0,0,73,59,67
325,Tomas Hertl,203.5,23,C,SJS,10,12,-8,14,1,0,4,1,0,100,42,76
326,Jori Lehtera,166.0,29,C,STL,7,15,-6,34,0,0,1,3,0,67,29,64
327,Nic Dowd,192.5,26,C,LAK,6,16,-15,25,1,0,2,7,0,78,35,145
328,Carl Hagelin,201.0,28,LW,PIT,6,16,10,16,0,0,2,0,1,128,24,66
329,Dennis Seidenberg,338.0,35,D,NYI,5,17,25,32,0,0,0,0,0,89,146,154
330,Anton Stralman,277.5,30,D,TBL,5,17,1,20,1,0,0,6,0,130,96,106
331,Brendan Perlini,175.5,20,LW,ARI,14,7,-4,20,3,0,2,2,0,92,15,42
332,Chris Stewart,198.75,29,RW,MIN,13,8,3,94,0,0,0,2,0,82,19,85
333,Aaron Ekblad,288.0,20,D,FLA,10,11,-23,58,4,1,2,4,0,225,62,88
334,Marian Gaborik,179.25,34,RW,LAK,10,11,-4,18,3,0,3,2,0,123,15,21
335,Drew Stafford,177.0,31,RW,TOT,8,13,6,24,3,0,3,1,0,109,3,62
336,Justin Abdelkader,199.0,29,LW,DET,7,14,-20,50,5,0,1,2,1,104,27,144
337,Alexander Edler,303.5,30,D,VAN,6,15,-20,36,2,0,0,2,0,138,138,106
338,Jesper Fast,183.75,25,RW,NYR,6,15,6,16,0,0,1,0,0,56,44,99
339,Steven Stamkos,133.75,26,C,TBL,9,11,3,14,3,0,1,4,0,58,3,21
340,Pavel Buchnevich,129.0,21,RW,NYR,8,12,6,13,1,0,0,2,0,55,8,17
341,Blake Comeau,184.25,30,LW,COL,8,12,-19,58,2,1,1,0,0,103,22,129
342,Jannik Hansen,150.75,30,RW,TOT,8,12,2,34,0,0,1,0,0,73,15,43
343,Lauri Korpikoski,183.25,30,LW,TOT,8,12,5,10,0,0,0,0,1,108,36,37
344,Kevin Labanc,150.25,21,RW,SJS,8,12,9,22,0,0,2,2,0,70,14,19
345,Oscar Lindberg,191.5,25,C,NYR,8,12,2,32,0,0,1,1,0,86,36,94
346,Jakob Chychrun,244.0,18,D,ARI,7,13,-14,47,1,0,0,1,0,86,99,109
347,Hampus Lindholm,269.5,23,D,ANA,6,14,13,36,1,0,2,4,0,94,94,98
348,Josh Morrissey,320.25,21,D,WPG,6,14,6,38,1,0,3,0,0,99,139,145
349,Cal Clutterbuck,220.0,29,RW,NYI,5,15,2,28,0,0,1,1,0,115,25,222
350,Thomas Hickey,251.5,27,D,NYI,4,16,-1,35,0,0,2,3,0,87,103,89
351,Jake McCabe,244.25,23,D,BUF,3,17,-7,26,1,0,1,3,0,79,114,73
352,Brett Pesce,310.75,22,D,CAR,2,18,23,20,0,0,0,2,0,109,148,57
353,Joel Armia,184.5,23,RW,WPG,10,9,-8,20,0,4,1,2,0,111,30,68
354,Matt Read,192.75,30,RW,PHI,10,9,3,8,2,1,2,0,0,92,32,95
355,Beau Bennett,162.5,25,RW,NJD,8,11,-3,20,1,0,1,1,0,101,13,76
356,Tom Wilson,264.5,22,RW,WSH,7,12,9,133,0,0,0,0,0,95,44,239
357,Trevor Daley,221.0,33,D,PIT,5,14,7,37,1,0,0,3,1,84,83,29
358,Ben Hutton,250.25,23,D,VAN,5,14,-22,31,2,0,1,9,0,130,106,46
359,Adam Larsson,365.5,24,D,EDM,4,15,21,55,0,0,0,0,0,85,160,253
360,Cody Franson,205.75,29,D,BUF,3,16,-5,34,1,0,0,1,0,93,68,87
361,Matt Hunwick,220.75,31,D,TOR,1,18,8,18,0,0,0,0,0,73,90,91
362,Rene Bourque,181.25,35,RW,COL,12,6,-19,56,2,0,2,0,0,111,26,75
363,Scottie Upshall,176.5,33,RW,STL,10,8,-1,45,0,2,1,0,0,85,21,99
364,Frank Vatrano,172.25,22,C,BOS,10,8,-3,14,4,0,1,1,0,116,16,51
365,Brandon Pirri,166.5,25,RW,NYR,8,10,-8,25,5,0,3,4,0,96,20,41
366,Patrick Sharp,161.75,35,LW,DAL,8,10,-22,31,1,1,0,0,0,146,24,24
367,Drake Caggiula,176.25,22,LW,EDM,7,11,3,16,2,0,2,3,1,93,19,97
368,Michael Del Zotto,243.75,26,D,PHI,6,12,-5,28,0,0,0,1,1,92,85,173
369,Esa Lindell,277.25,22,D,DAL,6,12,8,22,0,0,2,2,0,99,119,93
370,Francois Beauchemin,303.25,36,D,COL,5,13,-14,32,0,0,1,3,0,132,156,73
371,Niklas Hjalmarsson,298.75,29,D,CHI,5,13,12,20,0,0,0,0,1,61,181,23
372,Shane Prince,124.0,24,LW,NYI,5,13,-9,18,1,0,2,2,0,71,12,36
373,Alan Quine,160.25,23,C,NYI,5,13,-2,8,2,0,1,1,0,82,29,77
374,Dennis Wideman,207.75,33,D,CGY,5,13,-6,32,2,0,1,3,0,87,74,61
375,Derek Forbort,334.0,24,D,LAK,2,16,8,54,0,0,0,0,1,100,159,180
376,Andrew MacDonald,253.25,30,D,PHI,2,16,-5,26,0,0,0,0,1,65,151,39
377,David Schlemko,251.25,29,D,SJS,2,16,4,14,1,0,1,2,0,118,112,35
378,Andrew Copp,172.75,22,C,WPG,9,8,8,18,0,1,1,0,0,77,28,87
379,Jamie McGinn,162.75,28,LW,ARI,9,8,-23,23,0,0,2,2,0,116,18,116
380,Darren Helm,159.25,30,C,DET,8,9,-6,20,2,0,1,2,1,98,18,71
381,Torrey Mitchell,185.25,32,C,MTL,8,9,5,38,0,0,1,0,0,68,56,47
382,Miles Wood,169.0,21,LW,NJD,8,9,-21,86,2,0,0,2,0,105,26,68
383,Michael Matheson,295.25,22,D,FLA,7,10,-5,36,0,0,0,1,1,179,118,69
384,Riley Nash,188.75,27,C,BOS,7,10,-1,14,0,1,2,0,2,125,36,67
385,Joonas Donskoi,146.75,24,RW,SJS,6,11,-5,10,1,0,0,3,0,95,27,27
386,Nick Shore,145.0,24,C,LAK,6,11,-2,20,0,1,1,0,0,79,22,58
387,Brian Campbell,218.75,37,D,CHI,5,12,12,24,2,0,1,3,0,74,83,43
388,Marcus Kruger,187.75,26,C,CHI,5,12,7,34,0,0,0,0,0,83,62,31
389,Josh Manson,278.75,25,D,ANA,5,12,14,82,0,1,1,0,1,88,79,227
390,Austin Watson,247.0,25,LW,NSH,5,12,14,99,0,0,0,0,1,90,66,143
391,Chris Wideman,234.0,27,D,OTT,5,12,7,46,1,0,1,4,0,123,68,68
392,Jordie Benn,260.5,29,D,TOT,4,13,-4,28,0,0,1,2,1,68,144,64
393,Ron Hainsey,239.0,35,D,TOT,4,13,-8,21,0,1,1,0,2,71,120,93
394,Nikita Nesterov,141.5,23,D,TOT,4,13,0,24,1,0,0,1,0,63,21,84
395,Mark Pysyk,221.5,25,D,FLA,4,13,0,10,0,0,0,0,0,86,99,72
396,Nate Schmidt,163.25,25,D,WSH,3,14,22,16,0,0,0,0,1,60,37,51
397,Cody Ceci,309.25,23,D,OTT,2,15,-11,20,0,0,0,1,2,143,159,111
398,Erik Johnson,227.0,28,D,COL,2,15,-6,9,0,0,1,6,0,96,98,87
399,Connor Murphy,266.0,23,D,ARI,2,15,-13,45,0,1,1,0,0,81,119,201
400,Kevin Fiala,159.5,20,LW,NSH,11,5,1,18,0,0,1,0,0,114,14,44
401,Viktor Stalberg,194.0,31,LW,TOT,11,5,-9,41,1,2,2,1,0,101,28,141
402,Adam Cracknell,188.25,31,RW,DAL,10,6,9,12,0,1,2,0,0,87,37,91
403,Dwight King,182.0,27,LW,TOT,9,7,-2,12,0,0,1,0,0,110,28,120
404,Ryan White,182.75,28,C,TOT,9,7,-16,84,0,0,1,0,0,60,33,187
405,Zemgus Girgensons,171.5,23,C,BUF,7,9,-7,18,0,0,0,0,0,112,26,120
406,Brock McGinn,136.75,22,LW,CAR,7,9,-11,6,0,0,1,0,1,74,22,91
407,Brandon Carlo,265.5,20,D,BOS,6,10,9,59,0,1,0,0,0,88,115,87
408,Nick Cousins,153.5,23,C,PHI,6,10,-6,31,1,0,0,1,0,99,24,61
409,Tanner Kero,168.25,24,RW,CHI,6,10,15,8,0,0,0,0,0,60,51,41
410,Derek MacKenzie,209.5,35,C,FLA,6,10,-7,50,0,2,1,0,3,91,45,192
411,Curtis McKenzie,178.75,25,LW,DAL,6,10,5,72,0,0,3,0,0,66,31,103
412,Alexander Burmistrov,120.0,25,C,TOT,5,11,-7,12,4,0,0,1,1,45,19,60
413,Trevor van Riemsdyk,228.25,25,D,CHI,5,11,17,29,0,0,2,0,0,73,100,22
414,Deryk Engelland,304.5,34,D,CGY,4,12,2,85,0,0,2,0,0,107,134,135
415,Tom Kuhnhackl,164.5,25,RW,PIT,4,12,8,18,0,1,0,0,1,49,42,112
416,Dan Hamhuis,216.5,34,D,DAL,1,15,-7,23,1,0,0,0,2,83,100,93
417,Matt Calvert,173.75,27,LW,CBJ,10,5,-4,48,0,3,1,0,1,92,34,61
418,Kyle Brodziak,154.25,32,C,STL,8,7,2,27,0,0,2,0,0,55,39,56
419,Dale Weise,183.5,28,RW,PHI,8,7,1,39,1,0,2,1,0,94,24,135
420,Kyle Quincey,233.0,31,D,TOT,6,9,4,51,0,0,0,0,0,79,96,95
421,Chris VandeVelde,179.0,29,C,PHI,6,9,-5,16,0,0,0,0,0,69,60,114
422,Anthony Duclair,116.0,21,LW,ARI,5,10,-7,14,0,0,1,2,0,76,17,22
423,Ondrej Kase,125.5,21,RW,ANA,5,10,-1,18,0,0,2,0,0,77,14,42
424,Dan Girardi,293.25,32,D,NYR,4,11,8,16,0,1,3,0,1,56,166,107
425,Matt Benning,196.5,22,D,EDM,3,12,8,29,1,0,0,2,0,69,64,111
426,Joel Edmundson,245.0,23,D,STL,3,12,11,60,0,0,1,0,0,81,95,122
427,Michael Stone,279.75,26,D,TOT,3,12,0,32,1,0,0,4,0,81,143,125
428,Jay Bouwmeester,241.75,33,D,STL,1,14,6,28,0,0,0,1,0,106,111,67
429,Brian Dumoulin,220.75,25,D,PIT,1,14,0,14,0,0,0,4,0,78,99,113
430,Benoit Pouliot,150.75,30,LW,EDM,8,6,-5,34,0,0,1,0,0,77,39,39
431,Nick Bjugstad,121.0,24,C,FLA,7,7,-19,22,1,0,1,2,0,91,9,72
432,Tim Schaller,160.5,26,C,BOS,7,7,-6,23,0,0,2,0,0,89,38,73
433,David Desharnais,104.25,30,C,TOT,6,8,4,12,0,0,1,2,0,46,15,5
434,Vinnie Hinostroza,126.0,22,LW,CHI,6,8,-1,17,0,0,2,0,0,76,19,31
435,Carl Soderberg,151.0,31,C,COL,6,8,-26,22,1,0,0,1,0,128,42,34
436,Anthony DeAngelo,146.0,21,D,ARI,5,9,-13,37,2,0,1,6,0,60,48,31
437,Kevin Bieksa,260.0,35,D,ANA,3,11,0,63,1,0,1,2,0,94,100,173
438,Luke Glendening,183.0,27,C,DET,3,11,-10,26,0,0,0,1,0,76,62,150
439,Travis Hamonic,202.5,26,D,NYI,3,11,-21,60,0,0,0,1,0,74,108,58
440,Matt Irwin,271.25,29,D,NSH,3,11,15,26,0,0,1,0,2,98,121,115
441,Kevin Klein,246.0,32,D,NYR,3,11,5,31,0,0,0,1,1,54,123,135
442,Andrej Sustr,210.5,26,D,TBL,3,11,-10,43,0,0,1,0,0,93,102,45
443,Toby Enstrom,177.5,32,D,WPG,1,13,-7,42,0,1,0,6,0,46,94,24
444,Alex Petrovic,171.75,24,D,FLA,1,13,-1,79,0,0,0,0,0,55,55,106
445,Paul Postma,126.75,27,D,WPG,1,13,3,15,0,0,0,0,0,50,42,36
446,Brooks Orpik,309.75,36,D,WSH,0,14,32,48,0,0,0,0,0,93,132,181
447,Magnus Paajarvi,122.25,25,LW,STL,8,5,9,6,1,0,3,0,0,51,16,29
448,Matthew Nieto,132.0,24,LW,TOT,7,6,-12,8,0,0,1,0,1,85,34,40
449,Ryan Reaves,199.75,30,RW,STL,7,6,4,104,0,0,1,0,0,58,26,239
450,Lukas Sedlak,143.25,23,LW,CBJ,7,6,10,25,0,1,0,0,0,57,28,66
451,Oliver Bjorkstrand,100.5,21,RW,CBJ,6,7,4,6,0,0,2,0,0,55,9,14
452,Colin Miller,167.5,24,D,BOS,6,7,0,55,1,0,0,1,0,85,36,85
453,Jordan Schroeder,96.75,26,C,MIN,6,7,5,0,0,0,0,0,0,37,15,29
454,Austin Czarnik,109.75,24,C,BOS,5,8,-10,12,0,0,1,3,0,66,25,19
455,Tyler Ennis,125.75,27,LW,BUF,5,8,-10,12,0,0,1,3,0,89,23,45
456,Justin Braun,298.5,29,D,SJS,4,9,1,28,0,0,0,0,2,95,161,136
457,Andy Greene,219.0,34,D,NJD,4,9,-16,8,1,1,1,3,0,83,124,50
458,Nick Jensen,142.75,26,D,DET,4,9,-7,12,0,0,0,0,1,59,56,55
459,Marco Scandella,192.75,26,D,MIN,4,9,-2,25,0,0,0,0,0,88,85,50
460,Karl Alzner,303.75,28,D,WSH,3,10,23,28,0,0,0,0,0,81,162,105
461,Kevan Miller,191.75,29,D,BOS,3,10,1,50,0,0,1,0,1,49,76,121
462,Mark Barberio,146.5,26,D,TOT,2,11,-5,14,1,0,0,3,0,80,55,20
463,Niklas Kronwall,183.75,36,D,DET,2,11,-7,32,0,0,0,6,0,67,81,77
464,Luca Sbisa,246.0,27,D,VAN,2,11,-1,40,0,0,1,0,0,75,122,130
465,Riley Sheahan,134.25,25,C,DET,2,11,-29,14,1,0,0,2,0,109,38,81
466,Nic Petan,80.5,21,LW,WPG,1,12,-13,12,0,0,0,8,0,57,10,12
467,Kris Russell,318.5,29,D,EDM,1,12,5,23,0,0,1,1,0,68,213,67
468,Fedor Tyutin,167.5,33,D,COL,1,12,-25,38,0,0,0,0,0,46,90,116
469,Shawn Matthias,114.5,28,LW,WPG,8,4,0,13,0,1,1,0,0,51,19,47
470,Jordan Weal,97.75,24,C,PHI,8,4,5,10,1,0,1,0,0,49,8,7
471,Joakim Nordstrom,177.25,24,LW,CAR,7,5,-12,17,0,1,2,0,0,104,41,148
472,Tommy Wingels,167.5,28,C,TOT,7,5,-11,27,0,0,2,0,0,81,46,125
473,Kyle Clifford,173.5,26,LW,LAK,6,6,-2,92,0,0,0,0,0,122,7,146
474,Ivan Barbashev,86.0,21,C,STL,5,7,5,2,0,0,1,0,0,20,14,34
475,Braydon Coburn,212.75,31,D,TBL,5,7,-1,50,0,1,0,0,0,102,76,109
476,Lawson Crouse,154.0,19,LW,ARI,5,7,-20,48,0,1,2,0,0,84,29,160
477,Peter Holland,95.25,26,C,TOT,5,7,-16,22,1,0,0,0,0,79,9,37
478,Chris Kelly,148.0,36,C,OTT,5,7,-17,23,0,1,2,0,0,85,48,71
479,Danny DeKeyser,271.75,26,D,DET,4,8,-22,33,0,0,2,0,0,85,170,100
480,Josh Jooris,126.25,26,RW,TOT,4,8,-2,16,0,0,0,0,1,75,30,49
481,Devin Setoguchi,96.75,30,RW,LAK,4,8,-5,14,0,0,0,1,0,60,10,53
482,Patrick Wiercioch,133.25,26,D,COL,4,8,-18,23,0,0,0,0,0,63,57,52
483,Cody Eakin,147.5,25,C,DAL,3,9,-7,49,0,0,1,2,0,82,39,65
484,Brandon Manning,205.0,26,D,PHI,3,9,-12,83,0,1,1,0,0,84,79,121
485,Xavier Ouellet,206.5,23,D,DET,3,9,2,51,0,0,0,0,0,89,87,73
486,Ben Chiarot,188.25,25,D,WPG,2,10,2,33,0,0,0,0,0,49,94,78
487,Micheal Haley,153.75,30,C,SJS,2,10,6,128,0,0,1,0,0,37,23,129
488,Marc Methot,207.5,31,D,OTT,0,12,13,24,0,0,0,0,0,69,77,164
489,Tyler Pitlick,110.0,25,RW,EDM,8,3,0,6,0,0,1,0,0,54,13,70
490,Michael Raffl,129.25,28,LW,PHI,8,3,-7,20,0,0,3,0,0,63,22,91
491,Eric Fehr,143.0,31,C,TOT,6,5,2,14,0,0,3,0,0,62,35,82
492,Johan Larsson,104.75,24,C,BUF,6,5,-7,20,1,0,2,0,0,49,23,33
493,Darnell Nurse,173.5,21,D,EDM,5,6,0,33,0,0,0,0,0,85,53,107
494,Marko Dano,104.25,22,C,WPG,4,7,0,10,2,0,0,0,0,44,14,83
495,Roman Polak,292.25,30,D,TOR,4,7,10,65,0,0,1,0,0,64,133,232
496,Fredrik Claesson,95.75,24,D,OTT,3,8,5,4,0,0,0,0,1,25,24,55
497,Jiri Hudler,59.75,33,RW,DAL,3,8,-3,4,1,0,1,0,0,27,3,9
498,Zach Bogosian,182.75,26,D,BUF,2,9,-17,46,0,0,1,1,0,73,97,59
499,Adam Clendening,98.75,24,D,NYR,2,9,3,17,1,0,0,1,0,38,27,22
500,Ryan Murray,175.25,23,D,CBJ,2,9,3,24,0,0,0,1,1,52,96,23
501,Dmitrij Jaskin,115.5,23,RW,STL,1,10,5,18,0,0,0,0,0,55,19,98
502,Jake Dotchin,117.0,22,D,TBL,0,11,10,35,0,0,0,0,0,50,19,85
503,Stefan Noesen,112.0,23,RW,TOT,8,2,6,24,0,0,0,0,0,63,10,50
504,Colton Sissons,134.0,23,C,NSH,8,2,11,12,0,1,1,0,0,42,24,104
505,Reid Boucher,93.75,23,C/LW,TOT,6,4,-6,8,1,0,0,0,0,70,14,19
506,Brian Flynn,102.5,28,C,MTL,6,4,2,4,0,0,0,0,0,47,29,20
507,Denis Malgin,102.0,20,C,FLA,6,4,-5,8,2,0,1,0,0,67,15,34
508,Joseph Cramarossa,130.25,24,LW,TOT,4,6,0,60,0,0,1,0,2,36,23,133
509,Joshua Ho-Sang,59.0,21,RW,NYI,4,6,1,12,1,0,0,1,0,22,2,4
510,Stephen Johns,255.25,24,D,DAL,4,6,-10,36,0,0,1,1,0,91,130,159
511,Cedric Paquette,168.0,23,C,TBL,4,6,-6,80,0,0,0,0,0,68,46,144
512,Anton Slepyshev,102.5,22,LW,EDM,4,6,5,4,0,0,0,0,0,55,15,64
513,Adam Pelech,138.75,22,D,NYI,3,7,-5,6,0,0,0,0,0,40,68,73
514,Logan Shaw,108.0,25,RW,ANA,3,7,3,10,0,1,1,0,1,59,18,62
515,Marc Staal,208.25,30,D,NYR,3,7,9,34,0,0,0,0,1,70,97,89
516,Brenden Dillon,214.25,26,D,SJS,2,8,-2,60,0,0,0,0,0,86,81,173
517,Alexei Emelin,281.0,30,D,MTL,2,8,1,71,0,0,0,0,0,82,127,241
518,Josh Leivo,59.75,23,LW,TOR,2,8,2,4,1,0,0,2,0,27,4,5
519,Adam McQuaid,273.5,30,D,BOS,2,8,4,71,0,0,1,0,1,64,144,157
520,Chad Ruhwedel,105.5,26,D,PIT,2,8,9,8,0,0,0,3,0,45,26,36
521,Chris Tanev,157.75,27,D,VAN,2,8,3,14,0,0,1,0,0,39,91,19
522,Jacob Josefson,79.75,25,C,NJD,1,9,-1,16,0,0,1,1,0,44,12,31
523,Nikita Zadorov,168.0,21,D,COL,0,10,-20,73,0,0,0,2,0,61,69,153
524,Tyler Graovac,106.5,23,C,MIN,7,2,7,10,0,0,2,0,0,48,15,52
525,Matt Puempel,79.75,24,LW,TOT,6,3,-11,11,3,0,1,0,0,44,12,28
526,Matt Martin,201.75,27,LW,TOR,5,4,0,123,0,0,0,0,0,66,26,300
527,Brad Richardson,66.5,31,RW,ARI,5,4,-1,15,0,2,0,0,1,25,7,19
528,Jack Skille,119.0,29,RW,VAN,5,4,0,12,0,0,0,0,0,73,24,74
529,Nikita Soshnikov,131.25,23,RW,TOR,5,4,1,16,0,0,0,1,0,70,28,101
530,Michael Chaput,108.25,24,C,VAN,4,5,-12,29,0,0,0,0,0,64,29,68
531,Devante Smith-Pelly,114.5,24,RW,NJD,4,5,-19,12,0,0,0,2,0,76,32,94
532,Joseph Blandisi,66.75,22,LW,NJD,3,6,-10,26,1,0,2,4,0,24,6,37
533,Brendan Smith,166.5,27,D,TOT,3,6,1,63,1,0,1,2,0,62,65,59
534,Nail Yakupov,67.0,23,RW,STL,3,6,-3,14,0,0,0,0,0,35,8,32
535,Daniel Carr,77.25,25,LW,MTL,2,7,4,6,0,0,1,0,0,44,12,19
536,Scott Mayfield,103.5,24,D,NYI,2,7,-1,35,0,0,0,0,0,39,36,37
537,Johnny Oduya,180.25,35,D,TOT,2,7,-4,18,0,0,0,0,0,37,123,29
538,Michael Sgarbossa,73.5,24,C,TOT,2,7,-5,9,1,0,0,1,0,33,16,39
539,Shea Theodore,101.0,21,D,ANA,2,7,-6,28,1,0,1,1,1,60,30,14
540,Nikita Tryamkin,195.75,22,D,VAN,2,7,-7,64,0,0,0,0,0,65,87,145
541,Jonathan Ericsson,121.75,32,D,DET,1,8,-2,63,0,0,0,0,0,43,36,86
542,Jason Garrison,186.75,32,D,TBL,1,8,-8,14,0,0,0,0,0,96,91,93
543,Greg Pateryn,134.75,26,D,TOT,1,8,-1,10,0,0,0,0,0,42,66,69
544,Yanni Gourde,60.75,25,C,TBL,6,2,-1,8,0,1,1,0,0,30,3,11
545,William Carrier,103.25,22,LW,BUF,5,3,-1,21,0,0,1,0,0,50,10,112
546,Jay McClement,104.25,33,C,CAR,5,3,-8,18,0,1,1,0,0,37,40,49
547,Pierre-Edouard Bellemare,169.75,31,LW,PHI,4,4,-1,20,0,0,0,0,1,90,70,73
548,Joe Colborne,84.0,27,C,COL,4,4,-21,34,2,0,0,1,0,48,14,86
549,Jayson Megna,111.25,26,C,VAN,4,4,-4,6,0,0,0,1,0,72,23,87
550,Jordan Nolan,82.0,27,C,LAK,4,4,-3,44,0,0,0,0,0,39,7,62
551,Dennis Rasmussen,133.75,26,C,CHI,4,4,-4,12,0,0,0,0,0,77,49,61
552,Zachary Sanford,84.0,22,LW/C,TOT,4,4,2,10,0,0,2,0,0,36,20,22
553,Matt Beleskey,115.75,28,LW,BOS,3,5,-10,47,0,0,0,2,0,79,18,98
554,Connor Carrick,190.75,22,D,TOR,2,6,8,51,1,0,0,0,0,89,79,66
555,Christian Folin,140.25,25,D,MIN,2,6,10,26,0,0,0,0,0,39,59,69
556,Michal Kempny,146.0,26,D,CHI,2,6,1,22,0,0,0,0,0,67,59,76
557,Dylan DeMelo,88.5,23,D,SJS,1,7,2,14,0,0,0,0,0,32,32,36
558,Alexey Marchenko,119.0,25,D,TOT,1,7,7,12,0,0,0,0,1,36,59,22
559,Jesse Puljujarvi,68.75,18,RW,EDM,1,7,5,10,1,0,0,0,0,41,10,11
560,Luke Schenn,290.75,27,D,ARI,1,7,-9,85,0,0,0,0,0,94,134,286
561,Yannick Weber,142.25,28,D,NSH,1,7,1,25,0,0,1,0,0,72,53,72
562,Justin Falk,110.0,28,D,BUF,0,8,-3,29,0,0,0,0,0,33,40,101
563,Paul Ladue,54.75,24,D,LAK,0,8,-5,4,0,0,0,4,0,27,13,17
564,Chris Wagner,108.5,25,C,ANA,6,1,2,6,0,0,0,0,0,40,24,112
565,Drew Miller,116.75,32,LW,DET,5,2,-12,18,0,0,1,0,0,43,52,71
566,Jamie Oleksiak,121.0,24,D,DAL,5,2,-4,37,0,0,1,0,1,33,53,51
567,Ales Hemsky,50.25,33,RW,DAL,4,3,-1,0,1,0,0,1,0,30,4,1
568,Matt Hendricks,115.0,35,LW,EDM,4,3,-3,29,0,0,1,0,0,42,39,79
569,Nick Lappin,63.5,24,RW,NJD,4,3,-17,17,0,0,0,0,0,57,10,35
570,Tyler Motte,88.25,21,LW,CHI,4,3,2,14,0,0,0,0,0,46,24,27
571,Lance Bouma,138.0,26,C,CGY,3,4,-2,35,0,0,1,0,0,53,44,127
572,Joel Eriksson Ek,52.25,20,LW,MIN,3,4,1,4,0,0,1,0,0,15,8,23
573,Andreas Martinsen,129.25,26,LW,TOT,3,4,-14,32,0,0,0,0,1,73,28,173
574,Greg McKegg,75.5,24,C,TOT,3,4,-3,22,0,0,0,0,0,36,16,48
575,John Mitchell,123.75,32,C,COL,3,4,-12,45,0,0,1,0,0,57,45,88
576,Steve Ott,120.5,34,C,TOT,3,4,-8,80,0,0,0,0,0,45,23,144
577,Carter Rowney,75.0,27,RW,PIT,3,4,2,4,0,0,1,0,0,24,15,64
578,Korbinian Holzer,89.5,28,D,ANA,2,5,0,23,0,0,0,0,0,14,34,71
579,Markus Nutivaara,113.5,22,D,CBJ,2,5,7,6,0,0,0,0,0,66,38,36
580,Nate Prosser,109.5,30,D,MIN,2,5,0,12,0,0,0,1,0,20,63,30
581,Steven Santini,101.25,21,D,NJD,2,5,-6,14,0,0,0,0,0,46,35,83
582,Phillip Di Giuseppe,84.5,23,LW,CAR,1,6,-12,15,0,0,1,1,0,68,10,91
583,Remi Elie,56.0,21,LW,DAL,1,6,5,8,0,0,0,0,0,15,11,30
584,Kevin Gravel,139.75,24,D,LAK,1,6,3,6,1,0,0,1,0,52,65,73
585,Ben Lovejoy,239.25,32,D,NJD,1,6,-7,39,0,0,1,0,0,84,149,82
586,Olli Maatta,196.0,22,D,PIT,1,6,17,12,0,0,0,0,0,66,102,72
587,Martin Marincin,74.75,24,D,TOR,1,6,3,16,0,0,0,0,1,22,27,25
588,Jared McCann,59.0,20,C,FLA,1,6,-1,4,0,0,0,1,0,44,6,28
589,Ryan Sproul,60.5,24,D,DET,1,6,-8,6,1,0,0,2,0,46,14,12
590,Anthony Bitetto,69.5,26,D,NSH,0,7,-1,25,0,0,0,0,0,17,24,43
591,Taylor Fedun,64.75,28,D,BUF,0,7,3,16,0,0,0,3,0,24,20,7
592,Cody McLeod,127.75,32,LW,TOT,5,1,-3,145,0,0,0,0,0,30,14,150
593,Roman Lyubimov,71.5,25,LW,PHI,4,2,-2,8,0,0,1,0,0,41,16,28
594,Evan Rodrigues,62.5,23,LW,BUF,4,2,-7,4,1,0,0,0,0,51,12,12
595,J.T. Brown,122.5,26,RW,TBL,3,3,-7,73,0,1,1,0,0,67,25,103
596,Timo Meier,93.0,20,RW,SJS,3,3,1,10,0,0,1,0,0,85,5,64
597,Gemel Smith,46.25,22,C,DAL,3,3,-1,21,0,1,0,0,0,19,6,6
598,Jakub Vrana,62.0,20,LW,WSH,3,3,2,2,3,0,2,1,0,32,7,6
599,Klas Dahlbeck,93.25,25,D,CAR,2,4,-12,30,0,0,0,0,0,37,38,77
600,Eric Gryba,143.0,28,D,EDM,2,4,-5,65,0,0,2,0,0,45,47,145
601,Adrian Kempe,53.75,20,LW,LAK,2,4,-3,6,0,0,1,2,1,32,7,23
602,Brandon Montour,91.75,22,D,ANA,2,4,11,14,0,0,0,1,0,50,24,21
603,Stephen Gionta,59.0,33,RW,NYI,1,5,9,2,0,0,0,0,0,17,7,56
604,Josh Gorges,193.25,32,D,BUF,1,5,-3,50,0,0,0,0,0,40,108,143
605,Erik Gudbranson,93.0,25,D,VAN,1,5,-14,18,0,0,1,0,0,40,44,66
606,Brad Hunt,32.5,28,D,TOT,1,5,-1,2,1,0,0,1,0,14,3,0
607,Jyrki Jokipakka,73.25,25,D,TOT,1,5,-4,12,0,0,0,0,0,29,32,31
608,Philip Larsen,56.0,27,D,VAN,1,5,-8,4,0,0,0,2,0,32,22,12
609,Jonathon Merrill,117.75,24,D,NJD,1,5,-9,24,0,0,0,0,0,48,67,39
610,Carl Gunnarsson,108.5,30,D,STL,0,6,-5,4,0,0,0,0,0,32,68,42
611,Dalton Prout,69.5,26,D,TOT,0,6,-1,44,0,0,0,0,0,13,24,44
612,Matt Tennyson,88.75,26,D,CAR,0,6,-13,6,0,0,0,0,0,36,48,65
613,Brock Boeser,42.75,19,RW,VAN,4,1,0,0,2,0,1,0,0,25,0,5
614,J.T. Compher,64.75,21,LW,COL,3,2,0,4,1,0,1,0,0,30,21,11
615,Noel Acciari,63.0,25,C,BOS,2,3,3,16,0,0,0,0,0,24,5,80
616,Kyle Connor,37.25,20,LW,WPG,2,3,-7,4,0,0,1,2,0,24,8,1
617,Gustav Forsling,69.0,20,D,CHI,2,3,3,4,0,0,0,1,0,48,17,16
618,Jimmy Hayes,90.75,27,RW,BOS,2,3,-3,29,0,0,1,0,0,74,10,74
619,Dmitry Kulikov,111.5,26,D,BUF,2,3,-26,26,1,0,0,2,0,42,72,60
620,Tyler Myers,59.75,26,D,WPG,2,3,5,13,0,0,0,0,1,16,21,12
621,Taylor Chorney,75.0,29,D,WSH,1,4,8,11,0,0,1,0,0,19,29,27
622,Tom Gilbert,52.0,34,D,LAK,1,4,-4,6,0,0,0,1,0,12,28,10
623,Garnet Hathaway,67.0,25,RW,CGY,1,4,0,44,0,0,0,0,0,22,14,56
624,Julius Honka,51.25,21,D,DAL,1,4,-4,4,0,0,1,1,0,34,15,9
625,Michael McCarron,68.5,21,RW,MTL,1,4,-4,41,0,0,0,0,0,31,11,75
626,Andrej Nestrasil,36.5,25,C,CAR,1,4,-3,2,0,0,0,0,0,27,6,10
627,Brendan Gaunce,82.25,22,LW,VAN,0,5,-2,33,0,0,0,0,0,51,12,94
628,Cody Goloubef,68.25,27,D,COL,0,5,-11,25,0,0,0,0,0,35,33,30
629,Seth Griffith,47.0,24,C,TOT,0,5,6,8,0,0,0,1,0,21,5,30
630,John-Michael Liles,85.25,36,D,BOS,0,5,1,4,0,0,0,3,0,36,41,25
631,Zach Redmond,46.75,28,D,MTL,0,5,6,2,0,0,0,0,0,12,13,25
632,Nicholas Baptiste,32.5,21,RW,BUF,3,1,1,6,0,0,0,0,0,16,1,12
633,Chris Thorburn,101.25,33,RW,WPG,3,1,-7,95,0,1,0,0,0,36,25,90
634,Yohann Auvitu,59.5,27,D,NJD,2,2,1,2,0,0,0,1,0,54,9,20
635,Justin Bailey,57.75,21,RW,BUF,2,2,0,4,0,0,1,0,0,36,14,27
636,Ryan Callahan,55.75,31,RW,TBL,2,2,-4,23,0,0,1,0,0,22,13,48
637,Ryan Carpenter,37.75,26,C,SJS,2,2,5,4,0,0,0,0,0,20,2,15
638,Gabriel Dumont,81.0,26,C,TBL,2,2,1,29,0,0,0,0,0,34,19,83
639,Vernon Fiddler,89.75,36,LW,TOT,2,2,-15,66,0,1,0,0,0,48,33,57
640,Sergey Kalinin,58.0,25,C,NJD,2,2,-14,15,0,0,0,0,0,38,20,53
641,Brayden McNabb,135.5,26,D,LAK,2,2,1,54,0,0,0,0,0,47,54,110
642,Iiro Pakarinen,41.5,25,RW,EDM,2,2,2,2,0,0,1,0,0,15,6,30
643,Ben Smith,73.25,28,RW,TOT,2,2,-7,4,0,0,0,0,0,30,41,29
644,Mark Stuart,136.75,32,D,WPG,2,2,4,27,0,0,1,0,0,24,79,68
645,Brandon Tanev,108.5,25,LW,WPG,2,2,-6,26,0,0,1,0,0,54,31,128
646,Chris Terry,27.0,27,LW,MTL,2,2,-1,4,0,0,0,0,0,15,1,10
647,Shawn Thornton,67.75,39,LW,FLA,2,2,-7,67,0,0,0,0,0,42,8,52
648,Harry Zolnierczyk,43.25,29,LW,NSH,2,2,-2,10,0,0,0,0,0,19,11,25
649,Robert Bortuzzo,120.5,27,D,STL,1,3,11,15,0,0,0,0,0,45,50,77
650,Cory Conacher,25.25,27,LW,TBL,1,3,0,4,1,0,0,0,0,16,0,1
651,Derek Dorsett,43.0,30,RW,VAN,1,3,-6,33,0,0,0,0,0,24,6,35
652,Cameron Gaunce,38.0,26,D,PIT,1,3,1,13,0,0,0,0,0,8,10,23
653,John Hayden,42.0,21,LW,CHI,1,3,3,4,0,0,0,0,0,22,2,44
654,Anton Lander,37.5,25,C,EDM,1,3,2,6,0,0,0,0,0,12,7,28
655,Curtis Lazar,53.5,21,RW,TOT,1,3,-8,4,0,0,0,0,0,26,17,66
656,Chris Neil,86.75,37,RW,OTT,1,3,-11,63,0,0,0,0,0,42,20,108
657,John Quenneville,39.75,20,C,NJD,1,3,1,2,1,0,0,1,0,21,7,15
658,Marcus Sorensen,39.25,24,RW,SJS,1,3,-1,4,0,0,1,0,0,27,6,15
659,Derek Grant,68.75,26,C,TOT,0,4,-5,24,0,0,0,0,0,40,29,27
660,Jakub Kindl,77.75,29,D,FLA,0,4,-11,28,0,0,0,0,0,41,37,49
661,Slater Koekkoek,56.75,22,D,TBL,0,4,-4,8,0,0,0,0,0,27,27,25
662,Nick Schultz,100.25,34,D,PHI,0,4,1,10,0,0,0,0,0,25,61,45
663,Luke Witkowski,74.0,26,D,TBL,0,4,-1,39,0,0,0,0,0,24,21,81
664,Josh Archibald,34.5,24,RW,PIT,3,0,3,4,0,1,0,0,0,11,2,28
665,Adam Erne,59.5,21,LW,TBL,3,0,-9,11,0,0,0,0,0,40,13,71
666,Christian Fischer,24.25,19,RW,ARI,3,0,0,0,0,0,1,0,0,10,0,9
667,Nikolay Goldobin,28.25,21,RW/LW,TOT,3,0,0,0,0,0,1,0,0,14,4,1
668,Michael Bournival,38.75,24,LW,TBL,2,1,-3,2,0,0,0,0,0,25,8,31
669,Laurent Dauphin,52.0,21,C,ARI,2,1,-2,12,0,1,1,0,0,32,11,32
670,Ryan Garbutt,55.75,31,LW,ANA,2,1,-3,20,0,0,1,0,1,26,12,53
671,Frederik Gauthier,49.5,21,C,TOR,2,1,2,23,0,0,0,0,0,15,17,17
672,Shane Harper,27.75,27,RW,FLA,2,1,-1,18,0,0,0,0,0,13,0,19
673,Kyle Rau,30.5,24,C,FLA,2,1,-3,4,0,0,0,0,0,21,3,24
674,Jordin Tootoo,56.5,33,RW,CHI,2,1,-6,28,0,0,0,0,0,43,8,52
675,Kenny Agostino,26.25,24,LW,STL,1,2,0,2,0,0,0,1,0,17,3,9
676,Mark Borowiecki,252.5,27,D,OTT,1,2,-3,154,0,0,0,0,0,50,90,364
677,Zac Dalpe,23.5,27,C,MIN,1,2,0,9,0,0,0,0,0,8,5,5
678,Scott Harrington,53.75,23,D,CBJ,1,2,3,10,0,0,0,0,0,16,24,21
679,Michal Rozsival,58.25,38,D,CHI,1,2,-3,14,0,0,1,0,0,16,25,47
680,Clayton Stoner,51.75,31,D,ANA,1,2,0,28,0,0,0,0,0,16,17,35
681,Alex Biega,76.25,28,D,VAN,0,3,-4,18,0,0,0,0,0,37,24,97
682,Jared Boll,65.25,30,RW,ANA,0,3,-3,87,0,0,0,0,0,13,14,68
683,Brandon Davidson,104.5,25,D,TOT,0,3,-2,20,0,0,0,0,0,42,61,42
684,Brett Kulak,35.0,23,D,CGY,0,3,-3,12,0,0,0,0,0,19,13,14
685,Patrik Nemeth,89.75,24,D,DAL,0,3,-4,14,0,0,0,0,0,46,47,45
686,Gustav Olofsson,31.5,22,D,MIN,0,3,-1,2,0,0,0,1,0,7,16,10
687,Karl Stollery,38.25,29,D,NJD,0,3,-5,13,0,0,0,3,0,11,16,26
688,Paul Thompson,48.0,28,RW,FLA,0,3,-4,22,0,0,0,0,0,19,16,48
689,Joel Vermin,29.25,24,RW,TBL,0,3,2,4,0,0,0,0,0,12,7,17
690,Jason Dickinson,17.5,21,C,DAL,2,0,-3,0,0,0,0,0,0,9,4,8
691,Freddie Hamilton,38.5,25,C,CGY,2,0,-3,8,0,0,1,0,0,30,1,46
692,Teemu Pulkkinen,18.5,25,LW,TOT,2,0,-2,6,0,0,0,0,0,10,3,4
693,Pontus Aberg,17.25,23,LW,NSH,1,1,-2,4,0,0,0,0,0,12,2,9
694,Matt Bartkowski,42.0,28,D,CGY,1,1,-4,26,0,0,0,0,0,16,12,46
695,Anton Blidh,35.0,21,LW,BOS,1,1,-2,7,0,0,0,0,0,26,4,41
696,Blake Coleman,50.0,25,C,NJD,1,1,-7,27,0,0,0,0,0,29,15,51
697,Tanner Glass,29.5,33,LW,NYR,1,1,0,17,0,0,0,0,0,8,4,37
698,Matt Greene,67.5,33,D,LAK,1,1,3,19,0,0,0,0,0,14,27,71
699,Markus Hannikainen,22.5,23,LW,CBJ,1,1,0,6,0,0,0,0,0,8,5,16
700,Steven Kampfer,28.5,28,D,TOT,1,1,-2,6,0,0,0,0,0,10,10,24
701,Taylor Leier,13.25,22,LW,PHI,1,1,-1,4,0,0,0,0,0,7,0,7
702,Milan Michalek,20.25,32,LW,TOR,1,1,-2,2,0,0,0,0,0,6,9,7
703,Mirco Mueller,15.0,21,D,SJS,1,1,2,0,0,0,0,0,0,3,3,2
704,Matthew Peca,14.25,23,C,TBL,1,1,-3,2,0,0,0,0,0,9,2,9
705,Nate Thompson,51.25,32,C,ANA,1,1,4,14,0,0,0,0,0,19,9,69
706,Andy Andreoff,65.0,25,LW,LAK,0,2,-2,70,0,0,0,0,0,38,7,70
707,Jonny Brodzinski,23.5,23,C,LAK,0,2,2,2,0,0,0,0,0,17,4,10
708,Peter Cehlarik,16.75,21,LW,BOS,0,2,0,0,0,0,0,1,0,8,4,7
709,Nicolas Deslauriers,54.75,25,LW,BUF,0,2,-6,38,0,0,0,0,0,26,5,109
710,Justin Dowling,13.25,26,C,DAL,0,2,0,2,0,0,0,1,0,11,0,1
711,Mark Fayne,11.25,29,D,EDM,0,2,1,0,0,0,0,0,0,4,2,1
712,Marek Hrivik,21.75,25,LW,NYR,0,2,-3,2,0,0,0,1,0,15,5,19
713,Charles Hudon,11.75,22,LW,MTL,0,2,1,2,0,0,0,0,0,3,0,11
714,Clayton Keller,4.0,18,LW,ARI,0,2,-3,0,0,0,0,1,0,0,0,0
715,Julian Melchiori,54.0,25,D,WPG,0,2,0,8,0,0,0,0,0,15,31,30
716,Ryan Murphy,37.0,23,D,CAR,0,2,-11,8,0,0,0,0,0,17,31,2
717,Teddy Purcell,14.75,31,LW,LAK,0,2,0,0,0,0,0,0,0,10,2,7
718,Ty Rattie,15.5,23,RW,TOT,0,2,-2,0,0,0,0,0,0,10,4,10
719,Jordan Schmaltz,21.5,23,D,STL,0,2,0,4,0,0,0,1,0,5,10,4
720,Tom Sestito,26.25,29,LW,PIT,0,2,0,48,0,0,0,0,0,3,2,19
721,Drew Shore,18.0,26,C,VAN,0,2,-3,4,0,0,0,0,0,11,3,22
722,Brian Strait,15.75,29,D,WPG,0,2,-1,0,0,0,0,0,0,3,8,5
723,Lucas Wallmark,19.5,21,C,CAR,0,2,1,2,0,0,0,0,0,11,3,14
724,Bryan Bickell,17.0,30,LW,CAR,1,0,-4,4,1,0,1,0,0,8,3,16
725,Boyd Gordon,12.5,33,C,PHI,1,0,-5,2,0,0,0,0,0,8,7,4
726,Seth Helgeson,27.25,26,D,NJD,1,0,2,15,0,0,0,0,0,3,11,16
727,Samuel Henley,7.5,23,C,COL,1,0,1,2,0,0,0,0,0,1,0,2
728,Tyson Jost,8.25,18,C,COL,1,0,-5,0,0,0,0,0,0,9,3,3
729,Tomas Jurco,25.75,24,LW/RW,TOT,1,0,-12,4,0,0,0,0,0,35,9,21
730,Kasperi Kapanen,12.0,20,RW,TOR,1,0,-2,0,0,0,0,0,0,11,2,6
731,Jujhar Khaira,23.5,22,LW,EDM,1,0,1,2,0,0,1,0,0,10,5,20
732,Colin McDonald,10.75,32,C,PHI,1,0,1,0,0,0,0,0,0,5,0,9
733,Dylan McIlrath,15.75,24,D,TOT,1,0,-2,14,0,0,0,0,0,3,4,15
734,Wade Megan,9.5,26,C,STL,1,0,1,0,0,0,0,0,0,6,0,2
735,Tomas Nosek,21.5,24,LW,DET,1,0,-1,2,0,0,0,0,0,19,5,10
736,Daniel O'Regan,8.75,23,C,SJS,1,0,-2,0,1,0,0,0,0,5,1,1
737,Mike Reilly,24.5,23,D,MIN,1,0,1,2,0,0,0,0,0,19,8,2
738,Nikita Scherbak,10.5,21,RW,MTL,1,0,1,0,1,0,0,0,0,3,1,0
739,Vladimir Sobotka,6.0,29,LW,STL,1,0,0,0,0,0,0,0,0,2,0,0
740,Valentin Zykov,7.5,21,LW,CAR,1,0,1,0,0,0,0,0,0,3,0,0
741,Christoph Bertschy,11.25,22,C,MIN,0,1,0,4,0,0,0,0,0,5,3,7
742,Matt Carle,8.75,32,D,NSH,0,1,-1,0,0,0,0,0,0,2,5,3
743,Gabriel Carlsson,5.75,20,D,CBJ,0,1,-2,0,0,0,0,0,0,3,2,5
744,Kevin Connauton,52.5,26,D,ARI,0,1,-1,24,0,0,0,0,0,21,22,48
745,Andrew Desjardins,60.75,30,LW,CHI,0,1,-6,22,0,0,0,0,0,46,17,73
746,Hudson Fasching,11.75,21,RW,BUF,0,1,-1,2,0,0,0,0,0,6,2,17
747,Kurtis Gabriel,19.25,23,RW,MIN,0,1,0,29,0,0,0,0,0,3,1,26
748,Tyler Gaudet,6.25,23,C,ARI,0,1,0,0,0,0,0,0,0,3,1,3
749,Frederick Gaudreau,13.25,23,C,NSH,0,1,1,0,0,0,0,0,0,8,5,1
750,Eric Gelinas,40.5,25,D,COL,0,1,-4,12,0,0,0,0,0,29,16,32
751,Barclay Goodrow,6.25,23,RW,SJS,0,1,0,0,0,0,0,0,0,3,1,3
752,A.J. Greer,10.0,20,LW,COL,0,1,-2,4,0,0,0,0,0,8,3,4
753,Rocco Grimaldi,10.25,23,C,COL,0,1,-3,2,0,0,0,0,0,11,4,1
754,Sean Kuraly,11.25,24,C,BOS,0,1,-1,2,0,0,0,0,0,11,1,9
755,Matthew Lorito,6.0,26,LW,DET,0,1,0,0,0,0,0,0,0,6,0,0
756,Ian McCoshen,5.75,21,D,FLA,0,1,0,0,0,0,0,0,0,0,2,3
757,Joseph Morrow,36.75,24,D,BOS,0,1,-4,8,0,0,0,0,0,19,19,29
758,Alexander Nylander,5.25,18,RW,BUF,0,1,-2,0,0,0,0,0,0,4,2,1
759,Cal O'Reilly,2.0,30,C,BUF,0,1,-6,0,0,0,0,0,0,3,3,2
760,Steven Oleksy,40.5,30,D,PIT,0,1,2,24,0,0,0,0,0,11,19,20
761,Blake Pietila,12.5,23,LW,NJD,0,1,-5,4,0,0,0,0,0,9,5,16
762,Anton Rodin,6.0,26,RW,VAN,0,1,1,0,0,0,0,0,0,2,1,0
763,Cole Schneider,10.75,26,LW,BUF,0,1,2,0,0,0,0,0,0,6,2,3
764,Hunter Shinkaruk,6.75,22,LW,CGY,0,1,-3,2,0,0,0,0,0,5,3,3
765,Dominik Simon,3.5,22,C,PIT,0,1,-1,0,0,0,0,0,0,2,0,2
766,C.J. Smith,3.0,22,LW,BUF,0,1,-1,0,0,0,0,0,0,2,0,0
767,Nick Sorensen,9.5,22,RW,ANA,0,1,-1,2,0,0,0,0,0,7,3,2
768,Ben Street,8.75,29,C,DET,0,1,1,0,0,0,0,0,0,8,0,3
769,Dylan Strome,3.75,19,C,ARI,0,1,-5,0,0,0,0,0,0,6,2,3
770,Sergey Tolchinsky,4.0,21,LW,CAR,0,1,0,0,0,0,0,0,0,2,0,0
771,Jake Virtanen,19.25,20,RW,VAN,0,1,1,2,0,0,0,0,0,13,4,17
772,David Warsofsky,21.25,26,D,PIT,0,1,-3,6,0,0,0,0,0,14,12,3
773,Spencer Abbott,0.5,28,LW,CHI,0,0,0,0,0,0,0,0,0,1,0,0
774,Rasmus Andersson,2.0,20,D,CGY,0,0,-1,0,0,0,0,0,0,0,2,4
775,Brady Austin,6.5,23,D,BUF,0,0,0,4,0,0,0,0,0,8,0,6
776,Casey Bailey,9.0,25,RW,OTT,0,0,-1,0,0,0,0,0,0,10,4,4
777,Riley Barber,1.25,22,RW,WSH,0,0,0,0,0,0,0,0,0,2,0,1
778,Mathew Barzal,-0.25,19,C,NYI,0,0,-2,6,0,0,0,0,0,0,0,1
779,Cody Bass,11.75,30,C,NSH,0,0,-1,19,0,0,0,0,0,1,4,14
780,Taylor Beck,1.75,25,LW,TOT,0,0,-3,4,0,0,0,0,0,5,0,5
781,Tyler Bertuzzi,3.5,21,LW,DET,0,0,-1,0,0,0,0,0,0,3,0,12
782,Mike Blunden,3.0,30,RW,OTT,0,0,0,4,0,0,0,0,0,1,0,6
783,Gabriel Bourque,12.25,26,LW,COL,0,0,0,0,0,0,0,0,0,4,6,17
784,Patrick Brown,12.5,24,C,CAR,0,0,-6,0,0,0,0,0,0,12,5,30
785,Erik Burgdoerfer,1.25,28,D,BUF,0,0,-1,0,0,0,0,0,0,2,0,5
786,Chris Butler,2.5,30,D,STL,0,0,0,0,0,0,0,0,0,1,2,0
787,Mitch Callahan,3.75,25,RW,DET,0,0,0,0,0,0,0,0,0,2,2,3
788,Patrick Cannone,2.5,30,C,MIN,0,0,0,0,0,0,0,0,0,2,1,2
789,Paul Carey,4.25,28,C,WSH,0,0,-2,0,0,0,0,0,0,8,1,5
790,Alexandre Carrier,2.5,20,D,NSH,0,0,1,0,0,0,0,0,0,1,1,0
791,Thomas Chabot,-1.25,20,D,OTT,0,0,-2,0,0,0,0,0,0,1,0,1
792,Erik Condra,9.25,30,RW,TBL,0,0,-4,4,0,0,0,0,0,8,7,5
793,Frank Corrado,5.5,23,D,TOT,0,0,-1,8,0,0,0,0,0,3,2,4
794,Jacob de La Rose,10.75,21,LW,MTL,0,0,-3,4,0,0,0,0,0,4,5,23
795,Jean-Sebastien Dea,1.75,22,C,PIT,0,0,0,2,0,0,0,0,0,1,0,3
796,Simon Despres,1.75,25,D,ANA,0,0,0,0,0,0,0,0,0,1,1,1
797,Chris Didomenico,6.5,27,RW,OTT,0,0,0,6,0,0,0,0,0,5,2,2
798,Andreas Englund,3.5,21,D,OTT,0,0,-3,2,0,0,0,0,0,3,0,18
799,Emerson Etem,2.5,24,LW,ANA,0,0,1,2,0,0,0,0,0,0,0,4
800,Bobby Farnham,10.25,28,RW,MTL,0,0,0,17,0,0,0,0,0,4,2,8
801,Jakob Forsbacka Karlsson,0.0,20,C,BOS,0,0,0,0,0,0,0,0,0,0,0,0
802,Martin Frk,-0.75,23,RW,CAR,0,0,-3,0,0,0,0,0,0,1,1,3
803,Byron Froese,6.0,25,C,TOT,0,0,-3,5,0,0,0,0,0,6,4,3
804,Luke Gazdic,12.5,27,LW,NJD,0,0,-2,12,0,0,0,0,0,3,6,16
805,Petter Granberg,17.75,24,D,NSH,0,0,0,10,0,0,0,0,0,4,9,17
806,Alexandre Grenier,0.25,25,RW,VAN,0,0,-1,0,0,0,0,0,0,1,0,3
807,Nicklas Grossmann,0.75,32,D,CGY,0,0,-4,2,0,0,0,0,0,3,1,7
808,Matthew Grzelcyk,3.5,23,D,BOS,0,0,0,2,0,0,0,0,0,4,1,0
809,Brendan Guhle,11.75,19,D,BUF,0,0,1,0,0,0,0,0,0,4,8,3
810,Denis Gurianov,2.25,19,RW,DAL,0,0,-1,0,0,0,0,0,0,0,3,1
811,Robert Hagg,6.5,21,D,PHI,0,0,0,0,0,0,0,0,0,5,3,4
812,Joel Hanley,6.5,25,D,MTL,0,0,-3,4,0,0,0,0,0,5,4,8
813,Ben Harpur,4.75,22,D,OTT,0,0,-1,0,0,0,0,0,0,3,3,5
814,Tim Heed,2.5,26,D,SJS,0,0,0,0,0,0,0,0,0,1,2,0
815,Danton Heinen,4.5,21,C,BOS,0,0,-3,2,0,0,0,0,0,7,2,6
816,Quinton Howden,4.5,25,C,WPG,0,0,1,0,0,0,0,0,0,5,0,4
817,Mark Jankowski,0.25,22,C,CGY,0,0,0,0,0,0,0,0,0,0,0,1
818,Nicklas Jensen,5.75,23,RW,NYR,0,0,-2,0,0,0,0,0,0,8,2,7
819,Ryan Johnston,1.75,24,D,MTL,0,0,-3,4,0,0,0,0,0,3,2,1
820,Connor Jones,8.75,26,C,NYI,0,0,1,2,0,0,0,0,0,2,3,13
821,Vladislav Kamenev,1.25,20,LW,NSH,0,0,-1,2,0,0,0,0,0,1,1,1
822,Michael Kapla,7.25,22,D,NJD,0,0,-1,0,0,0,0,0,0,4,5,5
823,Bracken Kearns,4.25,35,C,NYI,0,0,-1,2,0,0,0,0,0,3,2,5
824,Nicolas Kerdiles,3.0,23,LW,ANA,0,0,1,0,0,0,0,0,0,0,2,0
825,Kalle Kossila,0.75,23,LW,ANA,0,0,0,0,0,0,0,0,0,1,0,1
826,Joseph Labate,13.5,23,C,VAN,0,0,-2,21,0,0,0,0,0,5,2,23
827,Jacob Larsson,1.75,19,D,ANA,0,0,-1,2,0,0,0,0,0,2,1,1
828,Brian Lashoff,3.5,26,D,DET,0,0,-3,0,0,0,0,0,0,1,4,8
829,Scott Laughton,2.75,22,C,PHI,0,0,0,0,0,0,0,0,0,4,0,3
830,Brett Lernout,5.5,21,D,MTL,0,0,-1,0,0,0,0,0,0,3,3,8
831,Mike Liambas,-0.75,27,LW,NSH,0,0,-1,0,0,0,0,0,0,0,0,1
832,Petteri Lindbohm,9.5,23,D,STL,0,0,-4,4,0,0,0,0,0,10,5,10
833,Anton Lindholm,17.5,22,D,COL,0,0,-8,2,0,0,0,0,0,7,12,38
834,Clarke MacArthur,3.5,31,LW,OTT,0,0,-1,0,0,0,0,0,0,5,1,4
835,Sean Malone,1.5,21,C,BUF,0,0,0,0,0,0,0,0,0,1,1,0
836,Jamie McBain,4.5,28,D,ARI,0,0,-1,0,0,0,0,0,0,3,4,0
837,Max McCormick,4.75,24,RW,OTT,0,0,-3,0,0,0,0,0,0,7,1,13
838,Evan McEneny,-0.5,22,D,VAN,0,0,-1,0,0,0,0,0,0,1,0,0
839,Mark McNeill,0.5,23,RW,DAL,0,0,-1,0,0,0,0,0,0,1,1,0
840,Jaycob Megna,1.0,24,D,ANA,0,0,1,0,0,0,0,0,0,0,0,0
841,Zbynek Michalek,9.25,34,D,ARI,0,0,1,0,0,0,0,0,0,3,5,7
842,Sonny Milano,0.75,20,LW,CBJ,0,0,-3,0,0,0,0,0,0,2,2,3
843,Garrett Mitchell,0.5,25,RW,WSH,0,0,0,0,0,0,0,0,0,0,0,2
844,Zack Mitchell,10.5,24,RW,MIN,0,0,-1,0,0,0,0,0,0,10,3,14
845,Griffen Molino,0.75,23,C,VAN,0,0,-2,0,0,0,0,0,0,3,1,1
846,Samuel Morin,2.75,21,D,PHI,0,0,0,0,0,0,0,0,0,2,0,7
847,Jakub Nakladal,2.0,29,D,CAR,0,0,-4,0,0,0,0,0,0,3,4,2
848,Casey Nelson,11.75,24,D,BUF,0,0,-3,4,0,0,0,0,0,10,5,15
849,Aaron Ness,1.5,26,D,WSH,0,0,-1,0,0,0,0,0,0,0,2,2
850,Cristoval Nieves,0.0,23,C,NYR,0,0,-1,0,0,0,0,0,0,0,1,0
851,Nelson Nogier,12.25,20,D,WPG,0,0,-1,5,0,0,0,0,0,8,5,12
852,Liam O'Brien,0.25,22,LW,WSH,0,0,0,0,0,0,0,0,0,0,0,1
853,Rob O'Gara,9.75,23,D,BOS,0,0,1,0,0,0,0,0,0,2,7,3
854,Jordan Oesterle,3.5,24,D,EDM,0,0,-1,0,0,0,0,0,0,2,3,2
855,Adam Pardy,6.25,32,D,NSH,0,0,-1,6,0,0,0,0,0,4,3,3
856,Nick Paul,0.75,21,LW,OTT,0,0,-2,0,0,0,0,0,0,4,0,3
857,Kevin Porter,1.25,30,C,PIT,0,0,-1,0,0,0,0,0,0,0,1,5
858,Andrew Poturalski,-1.25,23,C,CAR,0,0,-3,0,0,0,0,0,0,1,1,1
859,Derrick Pouliot,14.0,23,D,PIT,0,0,-4,4,0,0,0,0,0,11,8,14
860,Ryan Pulock,2.25,22,D,NYI,0,0,1,0,0,0,0,0,0,0,1,1
861,Mason Raymond,0.25,31,LW,ANA,0,0,-2,0,0,0,0,0,0,3,0,3
862,Borna Rendulic,0.5,24,RW,VAN,0,0,0,0,0,0,0,0,0,1,0,0
863,Dan Renouf,1.25,22,D,DET,0,0,0,0,0,0,0,0,0,1,0,3
864,Tanner Richard,2.5,23,C,TBL,0,0,-2,2,0,0,0,0,0,1,2,6
865,Buddy Robinson,4.75,25,RW,OTT,0,0,0,2,0,0,0,0,0,4,0,9
866,Kevin Rooney,1.0,23,C,NJD,0,0,-3,4,0,0,0,0,0,2,1,4
867,Jack Roslovic,0.5,20,C,WPG,0,0,-1,0,0,0,0,0,0,1,1,0
868,Robbie Russo,30.5,23,D,DET,0,0,2,2,0,0,0,0,0,18,13,24
869,Miikka Salomaki,13.5,23,RW,NSH,0,0,-1,2,0,0,0,0,0,3,9,14
870,Mikhail Sergachev,7.5,18,D,MTL,0,0,1,0,0,0,0,0,0,2,3,10
871,Duncan Siemens,3.0,23,D,COL,0,0,-2,2,0,0,0,0,0,2,1,10
872,Dillon Simpson,4.25,,D,EDM,0,0,0,2,0,0,0,0,0,2,2,3
873,Trevor Smith,2.0,31,C,NSH,0,0,0,0,0,0,0,0,0,0,2,0
874,Blake Speers,2.75,20,C,NJD,0,0,0,0,0,0,0,0,0,3,1,1
875,Chandler Stephenson,1.5,22,C,WSH,0,0,0,0,0,0,0,0,0,3,0,0
876,Oskar Sundqvist,6.25,22,C,PIT,0,0,-4,2,0,0,0,0,0,9,2,13
877,Evgeny Svechnikov,3.5,20,RW,DET,0,0,0,0,0,0,0,0,0,4,1,2
878,Ben Thomson,3.25,24,LW,NJD,0,0,-4,4,0,0,0,0,0,7,1,7
879,Corey Tropp,-0.5,27,RW,ANA,0,0,-1,0,0,0,0,0,0,0,0,2
880,Alex Tuch,9.25,20,RW,MIN,0,0,-3,0,0,0,0,0,0,8,7,5
881,T.J. Tynan,1.75,24,RW,CBJ,0,0,-1,0,0,0,0,0,0,3,1,1
882,Phil Varone,-0.25,26,C,OTT,0,0,-3,2,0,0,0,0,0,1,1,3
883,Mike Vecchione,0.75,23,RW,PHI,0,0,-1,0,0,0,0,0,0,1,1,1
884,Linden Vey,-1.25,25,RW,CGY,0,0,-2,0,0,0,0,0,0,1,0,1
885,MacKenzie Weegar,4.5,23,D,FLA,0,0,0,4,0,0,0,0,0,3,1,4
886,Colin White,1.5,20,C,OTT,0,0,0,0,0,0,0,0,0,1,1,0
887,Tyler Wotherspoon,2.75,23,D,CGY,0,0,-2,0,0,0,0,0,0,4,2,3
888,Michael Zalewski,0.0,24,LW,VAN,0,0,-1,0,0,0,0,0,0,0,1,0
